work_id,mp_id,mp_name,state,constituency,district,house,year,category,fund_received_cr,sanctioned_amount_cr,final_expenditure_cr,sanction_date,status,completion_date,implementing_agency,sc_st_area,data_source,utilization_pct
REAL-1,MP0001,V.vijayasai Reddy,Andhra Pradesh,Visakhapatnam,Visakhapatnam,Parliamentary Member,2025,All recommended works,22.0,27.8,19.89,,Unknown,,Not available in source,,RS_Session_259_AU_2235_1.csv,90.4
REAL-1,MP0015,V.vijayasai Reddy,Andhra Pradesh,Visakhapatnam,Visakhapatnam,Parliamentary Member,2025,All recommended works,22.0,27.8,19.89,,Unknown,,Not available in source,,RS_Session_259_AU_2235_1.csv,90.4
REAL-2,MP0002,C.M Ramesh,Andhra Pradesh,Cuddapah,Cuddapah,Parliamentary Member,2025,All recommended works,10.0,21.06,8.35,,Unknown,,Not available in source,,RS_Session_259_AU_2235_1.csv,83.5
REAL-3,MP0003,Kanakamedala Ravindra Kumar,Andhra Pradesh,Ntr,Ntr,Parliamentary Member,2025,All recommended works,12.0,27.01,11.6,,Unknown,,Not available in source,,RS_Session_259_AU_2235_1.csv,96.7
REAL-4,MP0004,Ryaga Krishnaiah,Andhra Pradesh,Kurnool,Kurnool,Parliamentary Member,2025,All recommended works,2.5,0.0,0.0,,Unknown,,Not available in source,,RS_Session_259_AU_2235_1.csv,0.0
REAL-5,MP0005,Y.S. Chowdary,Andhra Pradesh,Krishna,Krishna,Parliamentary Member,2025,All recommended works,15.0,35.84,14.19,,Unknown,,Not available in source,,RS_Session_259_AU_2235_1.csv,94.6
REAL-6,MP0006,Shri. Venkataramana Rao Mopidevi,Andhra Pradesh,Bapatla,Bapatla,Parliamentary Member,2025,All recommended works,2.0,3.34,2.32,,Unknown,,Not available in source,,RS_Session_259_AU_2235_1.csv,116.0
REAL-7,MP0007,Niranjan Reddy Sirgapoor,Andhra Pradesh,Visakhapatnam,Visakhapatnam,Parliamentary Member,2025,All recommended works,2.5,0.0,0.0,,Unknown,,Not available in source,,RS_Session_259_AU_2235_1.csv,0.0
REAL-8,MP0008,Prabhakar Reddy Vemireddy,Andhra Pradesh,Nellore,Nellore,Parliamentary Member,2025,All recommended works,10.0,16.79,9.62,,Unknown,,Not available in source,,RS_Session_259_AU_2235_1.csv,96.2
REAL-9,MP0009,Shri. Parimal Nathwani,Andhra Pradesh,Kadapa,Kadapa,Parliamentary Member,2025,All recommended works,2.0,0.0,0.0,,Unknown,,Not available in source,,RS_Session_259_AU_2235_1.csv,0.0
REAL-10,MP0010,Shri. Ayodhya Rami Reddy Alla,Andhra Pradesh,Guntur,Guntur,Parliamentary Member,2025,All recommended works,4.5,7.32,2.52,,Unknown,,Not available in source,,RS_Session_259_AU_2235_1.csv,56.0
REAL-11,MP0011,Shri. T.G Venkatesh,Andhra Pradesh,Kurnool,Kurnool,Parliamentary Member,2025,All recommended works,17.5,23.64,15.88,,Unknown,,Not available in source,,RS_Session_259_AU_2235_1.csv,90.7
REAL-12,MP0012,Masthan Rao Beeda,Andhra Pradesh,Nellore,Nellore,Parliamentary Member,2025,All recommended works,2.5,1.86,0.46,,Unknown,,Not available in source,,RS_Session_259_AU_2235_1.csv,18.4
REAL-13,MP0013,Suresh Prabhu,Andhra Pradesh,Krishna,Krishna,Parliamentary Member,2025,All recommended works,12.5,28.19,12.25,,Unknown,,Not available in source,,RS_Session_259_AU_2235_1.csv,98.0
REAL-14,MP0014,Shri. Pilli Subhaschandra Bose,Andhra Pradesh,Dr. B.r. Ambedkar Konaseema,Dr. B.r. Ambedkar Konaseema,Parliamentary Member,2025,All recommended works,2.0,3.31,2.2,,Unknown,,Not available in source,,RS_Session_259_AU_2235_1.csv,110.0
REAL-15,MP0001,V Vijayasai Reddy,Andhra Pradesh,Visakhapatnam,Visakhapatnam,Parliamentary Member,2025,All recommended works,2.5,0.0,0.0,,Unknown,,Not available in source,,RS_Session_259_AU_2235_1.csv,0.0
REAL-15,MP0015,V Vijayasai Reddy,Andhra Pradesh,Visakhapatnam,Visakhapatnam,Parliamentary Member,2025,All recommended works,2.5,0.0,0.0,,Unknown,,Not available in source,,RS_Session_259_AU_2235_1.csv,0.0
REAL-16,MP0016,Shri. Nabam Rebia,Arunachal Pradesh,Papum Pare,Papum Pare,Parliamentary Member,2025,All recommended works,7.0,6.29,6.38,,Unknown,,Not available in source,,RS_Session_259_AU_2235_1.csv,91.1
REAL-17,MP0017,Pabitra Margherita,Assam,Kamrup Metropolitan,Kamrup Metropolitan,Parliamentary Member,2025,All recommended works,2.5,0.0,0.0,,Unknown,,Not available in source,,RS_Session_259_AU_2235_1.csv,0.0
REAL-18,MP0018,Rwngwra Narzary,Assam,Chirang,Chirang,Parliamentary Member,2025,All recommended works,2.5,0.0,0.0,,Unknown,,Not available in source,,RS_Session_259_AU_2235_1.csv,0.0
REAL-19,MP0019,Biswajit Daimary,Assam,Kamrup Metropolitan,Kamrup Metropolitan,Parliamentary Member,2025,All recommended works,51.0,51.96,49.5,,Unknown,,Not available in source,,RS_Session_259_AU_2235_1.csv,97.1
REAL-20,MP0020,Ranee Narah,Assam,Lakhimpur,Lakhimpur,Parliamentary Member,2025,All recommended works,22.0,20.17,19.99,,Unknown,,Not available in source,,RS_Session_259_AU_2235_1.csv,90.9
REAL-21,MP0021,Shri. Ajit Kumar Bhuyan,Assam,Kamrup Metropolitan,Kamrup Metropolitan,Parliamentary Member,2025,All recommended works,7.0,7.0,4.5,,Unknown,,Not available in source,,RS_Session_259_AU_2235_1.csv,64.3
REAL-22,MP0022,Sh. Ripun Bora,Assam,Sonitpur,Sonitpur,Parliamentary Member,2025,All recommended works,22.0,20.08,20.04,,Unknown,,Not available in source,,RS_Session_259_AU_2235_1.csv,91.1
REAL-23,MP0023,Shri. Birendra Prasad Baishya,Assam,Kamrup Metropolitan,Kamrup Metropolitan,Parliamentary Member,2025,All recommended works,9.5,6.86,5.63,,Unknown,,Not available in source,,RS_Session_259_AU_2235_1.csv,59.3
REAL-24,MP0024,Shri. Biswajit Daimary,Assam,,,Parliamentary Member,2025,All recommended works,0.0,0.0,0.0,,Unknown,,Not available in source,,RS_Session_259_AU_2235_1.csv,0
REAL-25,MP0025,Shri. Sarbananda Sonowal,Assam,Dibrugarh,Dibrugarh,Parliamentary Member,2025,All recommended works,4.5,1.96,1.72,,Unknown,,Not available in source,,RS_Session_259_AU_2235_1.csv,38.2
REAL-26,MP0026,Shri. Bhubaneswar Kalita,Assam,Kamrup,Kamrup,Parliamentary Member,2025,All recommended works,7.0,4.5,2.82,,Unknown,,Not available in source,,RS_Session_259_AU_2235_1.csv,40.3
REAL-27,MP0027,Bhubaneswar Kalita,Assam,Kamrup,Kamrup,Parliamentary Member,2025,All recommended works,51.0,52.19,49.0,,Unknown,,Not available in source,,RS_Session_259_AU_2235_1.csv,96.1
REAL-28,MP0028,Shri. Kamakhya Prasad Tasa,Assam,Jorhat,Jorhat,Parliamentary Member,2025,All recommended works,7.0,4.88,3.59,,Unknown,,Not available in source,,RS_Session_259_AU_2235_1.csv,51.3
REAL-29,MP0029,Manoj Kumar Jha,Bihar,Saharsa,Saharsa,Parliamentary Member,2025,All recommended works,12.0,14.1,9.95,,Unknown,,Not available in source,,RS_Session_259_AU_2235_1.csv,82.9
REAL-30,MP0030,Satish Chandra Dubey,Bihar,Bettiah (W.Champaran),Bettiah (W.Champaran),Parliamentary Member,2025,All recommended works,2.5,0.0,0.0,,Unknown,,Not available in source,,RS_Session_259_AU_2235_1.csv,0.0
REAL-31,MP0031,Shri. Sushil Kumar Modi,Bihar,Patna,Patna,Parliamentary Member,2025,All recommended works,4.5,2.99,1.84,,Unknown,,Not available in source,,RS_Session_259_AU_2235_1.csv,40.9
REAL-32,MP0032,Faiyaz Ahmad,Bihar,Madhubani,Madhubani,Parliamentary Member,2025,All recommended works,2.5,0.0,0.0,,Unknown,,Not available in source,,RS_Session_259_AU_2235_1.csv,0.0
REAL-33,MP0033,Khiru Mahto,Bihar,Patna,Patna,Parliamentary Member,2025,All recommended works,2.5,2.21,0.75,,Unknown,,Not available in source,,RS_Session_259_AU_2235_1.csv,30.0
REAL-34,MP0034,Shambhu Sharan Patel,Bihar,Shekhpura,Shekhpura,Parliamentary Member,2025,All recommended works,2.5,0.0,0.05,,Unknown,,Not available in source,,RS_Session_259_AU_2235_1.csv,2.0
REAL-35,MP0035,Bashistha Narain Singh,Bihar,Buxar,Buxar,Parliamentary Member,2025,All recommended works,14.5,16.02,12.28,,Unknown,,Not available in source,,RS_Session_259_AU_2235_1.csv,84.7
REAL-36,MP0036,Akhilesh Prasad Singh,Bihar,Mothihari (E.Champaran),Mothihari (E.Champaran),Parliamentary Member,2025,All recommended works,10.0,7.29,7.06,,Unknown,,Not available in source,,RS_Session_259_AU_2235_1.csv,70.6
REAL-37,MP0037,Shri. Amrendra Dhari Singh,Bihar,Patna,Patna,Parliamentary Member,2025,All recommended works,2.0,0.75,0.75,,Unknown,,Not available in source,,RS_Session_259_AU_2235_1.csv,37.5
REAL-38,MP0038,Shri. Ram Nath Thakur,Bihar,Samastipur,Samastipur,Parliamentary Member,2025,All recommended works,7.0,5.9,3.51,,Unknown,,Not available in source,,RS_Session_259_AU_2235_1.csv,50.1
REAL-39,MP0039,Shri. Harivansh,Bihar,Patna,Patna,Parliamentary Member,2025,All recommended works,2.0,0.0,0.0,,Unknown,,Not available in source,,RS_Session_259_AU_2235_1.csv,0.0
REAL-40,MP0040,Shri. Ram Chandra Prasad Singh,Bihar,,,Parliamentary Member,2025,All recommended works,0.0,0.0,0.0,,Unknown,,Not available in source,,RS_Session_259_AU_2235_1.csv,0
REAL-41,MP0041,Shri. Ram Vilas Paswan,Bihar,Patna,Patna,Parliamentary Member,2025,All recommended works,2.5,2.12,2.12,,Unknown,,Not available in source,,RS_Session_259_AU_2235_1.csv,84.8
REAL-42,MP0042,Misha Bharti,Bihar,Patna,Patna,Parliamentary Member,2025,All recommended works,19.5,23.7,17.12,,Unknown,,Not available in source,,RS_Session_259_AU_2235_1.csv,87.8
REAL-43,MP0043,Shri. Satish Chandra Dubey,Bihar,Pashchim Champaran,Pashchim Champaran,Parliamentary Member,2025,All recommended works,7.0,7.5,3.78,,Unknown,,Not available in source,,RS_Session_259_AU_2235_1.csv,54.0
REAL-44,MP0044,Mahendra Prasad,Bihar,Jehanabad,Jehanabad,Parliamentary Member,2025,All recommended works,12.0,17.61,11.67,,Unknown,,Not available in source,,RS_Session_259_AU_2235_1.csv,97.2
REAL-45,MP0045,Shri. Vivek Thakur,Bihar,Patna,Patna,Parliamentary Member,2025,All recommended works,4.5,3.32,1.67,,Unknown,,Not available in source,,RS_Session_259_AU_2235_1.csv,37.1
REAL-46,MP0046,Shri. Prem Chand Gupta,Bihar,Patna,Patna,Parliamentary Member,2025,All recommended works,2.0,0.0,0.0,,Unknown,,Not available in source,,RS_Session_259_AU_2235_1.csv,0.0
REAL-47,MP0047,Sh. Gopal Narayan Singh,Bihar,Rohtas,Rohtas,Parliamentary Member,2025,All recommended works,19.5,22.15,19.67,,Unknown,,Not available in source,,RS_Session_259_AU_2235_1.csv,100.9
REAL-48,MP0048,Ahmad Ashfaque Karim,Bihar,Katihar,Katihar,Parliamentary Member,2025,All recommended works,10.0,7.48,6.74,,Unknown,,Not available in source,,RS_Session_259_AU_2235_1.csv,67.4
REAL-49,MP0049,Aneel Prasad Hegde,Bihar,Patna,Patna,Parliamentary Member,2025,All recommended works,2.5,0.0,0.0,,Unknown,,Not available in source,,RS_Session_259_AU_2235_1.csv,0.0
REAL-50,MP0042,Misha Bharti,Bihar,,,Parliamentary Member,2025,All recommended works,0.0,0.0,0.0,,Unknown,,Not available in source,,RS_Session_259_AU_2235_1.csv,0
REAL-51,MP0050,Saroj Pandey,Chhattisgarh,Durg,Durg,Parliamentary Member,2025,All recommended works,7.5,5.59,3.14,,Unknown,,Not available in source,,RS_Session_259_AU_2235_1.csv,41.9
REAL-52,MP0051,Sh. Ram Vichar Netam,Chhattisgarh,Balrampur,Balrampur,Parliamentary Member,2025,All recommended works,20.0,28.98,20.69,,Unknown,,Not available in source,,RS_Session_259_AU_2235_1.csv,103.5
REAL-53,MP0052,Chhaya Verma,Chhattisgarh,Raipur,Raipur,Parliamentary Member,2025,All recommended works,22.0,27.76,20.99,,Unknown,,Not available in source,,RS_Session_259_AU_2235_1.csv,95.4
REAL-54,MP0053,Shri. K.t.s Tulsi,Chhattisgarh,Bilaspur,Bilaspur,Parliamentary Member,2025,All recommended works,7.0,7.41,3.24,,Unknown,,Not available in source,,RS_Session_259_AU_2235_1.csv,46.3
REAL-55,MP0054,Rajeev Shukla,Chhattisgarh,Raipur,Raipur,Parliamentary Member,2025,All recommended works,2.5,0.0,0.05,,Unknown,,Not available in source,,RS_Session_259_AU_2235_1.csv,2.0
REAL-56,MP0055,Ranjeet Ranjan,Chhattisgarh,Dhamtari,Dhamtari,Parliamentary Member,2025,All recommended works,2.5,3.11,0.62,,Unknown,,Not available in source,,RS_Session_259_AU_2235_1.csv,24.8
REAL-57,MP0056,Phulo Devi Netam,Chhattisgarh,Kondagaon,Kondagaon,Parliamentary Member,2025,All recommended works,4.5,6.11,3.24,,Unknown,,Not available in source,,RS_Session_259_AU_2235_1.csv,72.0
REAL-58,MP0057,Narain Das Gupta,Delhi,Commissioner South Delhi Municipal Corporation,Commissioner South Delhi Municipal Corporation,Parliamentary Member,2025,All recommended works,12.0,14.62,8.93,,Unknown,,Not available in source,,RS_Session_259_AU_2235_1.csv,74.4
REAL-59,MP0058,Sushil Gupta,Delhi,Commissioner North Delhi Municipal Corporation,Commissioner North Delhi Municipal Corporation,Parliamentary Member,2025,All recommended works,5.0,8.7,3.04,,Unknown,,Not available in source,,RS_Session_259_AU_2235_1.csv,60.8
REAL-60,MP0059,Shri. Sanjay Singh,Delhi,Commissioner South Delhi Municipal Corporation,Commissioner South Delhi Municipal Corporation,Parliamentary Member,2025,All recommended works,7.5,19.04,4.15,,Unknown,,Not available in source,,RS_Session_259_AU_2235_1.csv,55.3
REAL-61,MP0060,Vinay P. Tendulkar,Goa,South Goa,South Goa,Parliamentary Member,2025,All recommended works,12.5,32.46,8.44,,Unknown,,Not available in source,,RS_Session_259_AU_2235_1.csv,67.5
REAL-62,MP0061,Shri. Dineshchandra Jemalbhai Anavadiya,Gujarat,Banaskantha,Banaskantha,Parliamentary Member,2025,All recommended works,2.0,2.19,0.97,,Unknown,,Not available in source,,RS_Session_259_AU_2235_1.csv,48.5
REAL-63,MP0062,Shri. Jugalsinh Mathurji Lokhandwala,Gujarat,Mahesana,Mahesana,Parliamentary Member,2025,All recommended works,4.5,8.22,2.12,,Unknown,,Not available in source,,RS_Session_259_AU_2235_1.csv,47.1
REAL-64,MP0063,Shri. Abhay Ganpatray Bhardwaj,Gujarat,,,Parliamentary Member,2025,All recommended works,0.0,0.0,0.0,,Unknown,,Not available in source,,RS_Session_259_AU_2235_1.csv,0
REAL-65,MP0064,Shri. Rambhai Harjibhai Mokariya,Gujarat,Rajkot,Rajkot,Parliamentary Member,2025,All recommended works,2.0,0.35,0.0,,Unknown,,Not available in source,,RS_Session_259_AU_2235_1.csv,0.0
REAL-66,MP0065,Shri. Amin Narhari,Gujarat,Ahmedabad,Ahmedabad,Parliamentary Member,2025,All recommended works,2.0,2.69,1.57,,Unknown,,Not available in source,,RS_Session_259_AU_2235_1.csv,78.5
REAL-67,MP0066,Rathwa Naranbhai Jemlabhai,Gujarat,Chhota Udaipur,Chhota Udaipur,Parliamentary Member,2025,All recommended works,14.5,22.32,13.87,,Unknown,,Not available in source,,RS_Session_259_AU_2235_1.csv,95.7
REAL-68,MP0067,Sh. Ahmed Patel,Gujarat,Bharuch,Bharuch,Parliamentary Member,2025,All recommended works,12.5,18.6,11.07,,Unknown,,Not available in source,,RS_Session_259_AU_2235_1.csv,88.6
REAL-69,MP0068,Ramilaben Bara,Gujarat,Sabarkantha,Sabarkantha,Parliamentary Member,2025,All recommended works,2.0,3.45,0.85,,Unknown,,Not available in source,,RS_Session_259_AU_2235_1.csv,42.5
REAL-70,MP0069,Shri. S. Jaishankar,Gujarat,Narmada,Narmada,Parliamentary Member,2025,All recommended works,4.5,6.47,3.38,,Unknown,,Not available in source,,RS_Session_259_AU_2235_1.csv,75.1
REAL-71,MP0070,Parshottam Rupala,Gujarat,Amreli,Amreli,Parliamentary Member,2025,All recommended works,12.0,21.37,11.16,,Unknown,,Not available in source,,RS_Session_259_AU_2235_1.csv,93.0
REAL-72,MP0071,Amee Yajnik Harshadray,Gujarat,Ahmedabad,Ahmedabad,Parliamentary Member,2025,All recommended works,12.0,12.15,8.18,,Unknown,,Not available in source,,RS_Session_259_AU_2235_1.csv,68.2
REAL-73,MP0072,Shri. Shaktisinh Gohil,Gujarat,Ahmedabad,Ahmedabad,Parliamentary Member,2025,All recommended works,2.0,4.12,1.32,,Unknown,,Not available in source,,RS_Session_259_AU_2235_1.csv,66.0
REAL-74,MP0073,Mansukh Madaviya,Gujarat,Bhavnagar,Bhavnagar,Parliamentary Member,2025,All recommended works,10.0,16.07,10.97,,Unknown,,Not available in source,,RS_Session_259_AU_2235_1.csv,109.7
REAL-75,MP0074,Shri. Ram Chander Jangra,Haryana,Rohtak,Rohtak,Parliamentary Member,2025,All recommended works,2.0,8.26,0.54,,Unknown,,Not available in source,,RS_Session_259_AU_2235_1.csv,27.0
REAL-76,MP0075,Krishan Lal Panwar,Haryana,Panipat,Panipat,Parliamentary Member,2025,All recommended works,2.5,0.0,0.0,,Unknown,,Not available in source,,RS_Session_259_AU_2235_1.csv,0.0
REAL-77,MP0076,Kartik Sharma,Haryana,Ambala,Ambala,Parliamentary Member,2025,All recommended works,2.5,0.0,0.0,,Unknown,,Not available in source,,RS_Session_259_AU_2235_1.csv,0.0
REAL-78,MP0077,Shri. Deepender Singh,Haryana,Rohtak,Rohtak,Parliamentary Member,2025,All recommended works,2.0,3.46,0.53,,Unknown,,Not available in source,,RS_Session_259_AU_2235_1.csv,26.5
REAL-79,MP0078,Shri. Dushyant Gautam,Haryana,Panipat,Panipat,Parliamentary Member,2025,All recommended works,2.0,0.0,0.0,,Unknown,,Not available in source,,RS_Session_259_AU_2235_1.csv,0.0
REAL-80,MP0079,Subhash Chandra,Haryana,Hissar,Hissar,Parliamentary Member,2025,All recommended works,17.5,19.7,12.71,,Unknown,,Not available in source,,RS_Session_259_AU_2235_1.csv,72.6
REAL-81,MP0080,Devender Paul Vats,Haryana,Hissar,Hissar,Parliamentary Member,2025,All recommended works,12.0,13.64,8.42,,Unknown,,Not available in source,,RS_Session_259_AU_2235_1.csv,70.2
REAL-82,MP0081,Indu Bala Goswami,Himachal Pradesh,Kangra,Kangra,Parliamentary Member,2025,All recommended works,4.5,1.9,1.61,,Unknown,,Not available in source,,RS_Session_259_AU_2235_1.csv,35.8
REAL-83,MP0082,Anand Sharma,Himachal Pradesh,Shimla,Shimla,Parliamentary Member,2025,All recommended works,17.5,14.12,14.27,,Unknown,,Not available in source,,RS_Session_259_AU_2235_1.csv,81.5
REAL-84,MP0083,Jagat Prakash Nadda,Himachal Pradesh,Bilaspur,Bilaspur,Parliamentary Member,2025,All recommended works,14.5,14.24,14.48,,Unknown,,Not available in source,,RS_Session_259_AU_2235_1.csv,99.9
REAL-85,MP0084,Sikander Kumar,Himachal Pradesh,Shimla,Shimla,Parliamentary Member,2025,All recommended works,5.0,2.88,0.05,,Unknown,,Not available in source,,RS_Session_259_AU_2235_1.csv,1.0
REAL-86,MP0085,Mir Mohammad Fayaz,Jammu and Kashmir,Kupwara,Kupwara,Parliamentary Member,2025,All recommended works,22.5,30.18,23.51,,Unknown,,Not available in source,,RS_Session_259_AU_2235_1.csv,104.5
REAL-87,MP0086,Ghulam Nabi Azad,Jammu and Kashmir,Doda,Doda,Parliamentary Member,2025,All recommended works,17.5,20.44,17.17,,Unknown,,Not available in source,,RS_Session_259_AU_2235_1.csv,98.1
REAL-88,MP0087,Nazir Ahmed Laway,Jammu and Kashmir,Kulgam,Kulgam,Parliamentary Member,2025,All recommended works,22.5,23.69,21.29,,Unknown,,Not available in source,,RS_Session_259_AU_2235_1.csv,94.6
REAL-89,MP0088,Shamsher Singh Manhas,Jammu and Kashmir,Jammu,Jammu,Parliamentary Member,2025,All recommended works,25.0,25.61,22.6,,Unknown,,Not available in source,,RS_Session_259_AU_2235_1.csv,90.4
REAL-90,MP0089,Shri. Shibu Soren,Jharkhand,Dumka,Dumka,Parliamentary Member,2025,All recommended works,2.0,0.4,0.04,,Unknown,,Not available in source,,RS_Session_259_AU_2235_1.csv,2.0
REAL-91,MP0090,Mahua Maji,Jharkhand,Ranchi,Ranchi,Parliamentary Member,2025,All recommended works,2.5,2.64,1.86,,Unknown,,Not available in source,,RS_Session_259_AU_2235_1.csv,74.4
REAL-92,MP0091,Shri. Deepak Prakash,Jharkhand,Ranchi,Ranchi,Parliamentary Member,2025,All recommended works,2.0,1.88,0.49,,Unknown,,Not available in source,,RS_Session_259_AU_2235_1.csv,24.5
REAL-93,MP0092,Mahesh Poddar,Jharkhand,Ranchi,Ranchi,Parliamentary Member,2025,All recommended works,19.5,24.13,19.57,,Unknown,,Not available in source,,RS_Session_259_AU_2235_1.csv,100.4
REAL-94,MP0093,Dhiraj Prasad Sahu,Jharkhand,Lohardaga,Lohardaga,Parliamentary Member,2025,All recommended works,10.0,7.41,6.84,,Unknown,,Not available in source,,RS_Session_259_AU_2235_1.csv,68.4
REAL-95,MP0094,Mukhtar Abbas Naqvi,Jharkhand,Ranchi,Ranchi,Parliamentary Member,2025,All recommended works,17.5,14.7,14.4,,Unknown,,Not available in source,,RS_Session_259_AU_2235_1.csv,82.3
REAL-96,MP0095,Samiroraon,Jharkhand,Gumla,Gumla,Parliamentary Member,2025,All recommended works,12.0,10.51,8.18,,Unknown,,Not available in source,,RS_Session_259_AU_2235_1.csv,68.2
REAL-97,MP0096,Aditya Prasad,Jharkhand,Ranchi,Ranchi,Parliamentary Member,2025,All recommended works,2.5,2.51,2.21,,Unknown,,Not available in source,,RS_Session_259_AU_2235_1.csv,88.4
REAL-98,MP0097,Shri. Iranna Kadadi,Karnataka,Belagavi,Belagavi,Parliamentary Member,2025,All recommended works,2.0,3.5,2.53,,Unknown,,Not available in source,,RS_Session_259_AU_2235_1.csv,126.5
REAL-99,MP0098,Oscar Fernandes,Karnataka,Udupi,Udupi,Parliamentary Member,2025,All recommended works,68.5,79.67,69.78,,Unknown,,Not available in source,,RS_Session_259_AU_2235_1.csv,101.9
REAL-100,MP0099,Jairam Ramesh,Karnataka,Chikmagalur,Chikmagalur,Parliamentary Member,2025,All recommended works,0.0,0.0,0.0,,Unknown,,Not available in source,,RS_Session_259_AU_2235_1.csv,0
REAL-101,MP0100,Jaggesh,Karnataka,Tumakuru,Tumakuru,Parliamentary Member,2025,All recommended works,2.5,2.3,0.05,,Unknown,,Not available in source,,RS_Session_259_AU_2235_1.csv,2.0
REAL-102,MP0101,Shri. Mallikarjun Kharge,Karnataka,Gulbarga,Gulbarga,Parliamentary Member,2025,All recommended works,2.0,0.0,0.0,,Unknown,,Not available in source,,RS_Session_259_AU_2235_1.csv,0.0
REAL-103,MP0102,L. Hanumanthaiah,Karnataka,Bengaluru Urban,Bengaluru Urban,Parliamentary Member,2025,All recommended works,12.0,12.43,9.35,,Unknown,,Not available in source,,RS_Session_259_AU_2235_1.csv,77.9
REAL-104,MP0103,G.c Chandrashekhar,Karnataka,Bengaluru Urban,Bengaluru Urban,Parliamentary Member,2025,All recommended works,10.0,12.14,11.47,,Unknown,,Not available in source,,RS_Session_259_AU_2235_1.csv,114.7
REAL-105,MP0104,Lahar Singh Siroya,Karnataka,Bengaluru Urban,Bengaluru Urban,Parliamentary Member,2025,All recommended works,2.5,0.0,0.0,,Unknown,,Not available in source,,RS_Session_259_AU_2235_1.csv,0.0
REAL-106,MP0105,Shri. H.D. Devegowda,Karnataka,Hassan,Hassan,Parliamentary Member,2025,All recommended works,4.5,6.23,2.48,,Unknown,,Not available in source,,RS_Session_259_AU_2235_1.csv,55.1
REAL-107,MP0106,Shri. Ashok Gasti,Karnataka,Raichur,Raichur,Parliamentary Member,2025,All recommended works,0.0,0.0,0.0,,Unknown,,Not available in source,,RS_Session_259_AU_2235_1.csv,0
REAL-108,MP0107,Shri. Narayana Koragappa,Karnataka,Bengaluru Urban,Bengaluru Urban,Parliamentary Member,2025,All recommended works,2.0,0.69,0.49,,Unknown,,Not available in source,,RS_Session_259_AU_2235_1.csv,24.5
REAL-109,MP0108,Shri. K.C Ramamurthy,Karnataka,Bengaluru Urban,Bengaluru Urban,Parliamentary Member,2025,All recommended works,4.5,6.55,1.92,,Unknown,,Not available in source,,RS_Session_259_AU_2235_1.csv,42.7
REAL-110,MP0109,Sh. Jairam Ramesh,Karnataka,Chikmagalur,Chikmagalur,Parliamentary Member,2025,All recommended works,10.0,11.39,9.66,,Unknown,,Not available in source,,RS_Session_259_AU_2235_1.csv,96.6
REAL-111,MP0110,Syed Nasir Hussain,Karnataka,Ballari,Ballari,Parliamentary Member,2025,All recommended works,7.5,5.36,4.74,,Unknown,,Not available in source,,RS_Session_259_AU_2235_1.csv,63.2
REAL-112,MP0111,Rajeev Chandrashekhar,Karnataka,Bengaluru Urban,Bengaluru Urban,Parliamentary Member,2025,All recommended works,10.0,9.85,7.53,,Unknown,,Not available in source,,RS_Session_259_AU_2235_1.csv,75.3
REAL-113,MP0112,Nirmala Sitharaman,Karnataka,Bengaluru Urban,Bengaluru Urban,Parliamentary Member,2025,All recommended works,19.5,22.19,21.14,,Unknown,,Not available in source,,RS_Session_259_AU_2235_1.csv,108.4
REAL-114,MP0112,Nirmala Sitharaman,Karnataka,Bengaluru Urban,Bengaluru Urban,Parliamentary Member,2025,All recommended works,2.5,0.0,0.0,,Unknown,,Not available in source,,RS_Session_259_AU_2235_1.csv,0.0
REAL-115,MP0113,Shri. Jose K. Mani,Kerala,Kottayam,Kottayam,Parliamentary Member,2025,All recommended works,2.0,4.66,0.04,,Unknown,,Not available in source,,RS_Session_259_AU_2235_1.csv,2.0
REAL-116,MP0114,Shri. Abdul Wahab,Kerala,Malappuram,Malappuram,Parliamentary Member,2025,All recommended works,22.5,27.46,20.03,,Unknown,,Not available in source,,RS_Session_259_AU_2235_1.csv,89.0
REAL-117,MP0115,Shri. Binoy Viswam,Kerala,Thiruvananthapuram,Thiruvananthapuram,Parliamentary Member,2025,All recommended works,7.5,17.19,4.15,,Unknown,,Not available in source,,RS_Session_259_AU_2235_1.csv,55.3
REAL-118,MP0116,Jose K Mani,Kerala,Kottayam,Kottayam,Parliamentary Member,2025,All recommended works,5.0,10.41,3.06,,Unknown,,Not available in source,,RS_Session_259_AU_2235_1.csv,61.2
REAL-119,MP0117,Shri. K. Somaprasad,Kerala,Kollam,Kollam,Parliamentary Member,2025,All recommended works,17.5,31.0,16.05,,Unknown,,Not available in source,,RS_Session_259_AU_2235_1.csv,91.7
REAL-120,MP0118,Shri. Sandosh Kumar P,Kerala,Kannur,Kannur,Parliamentary Member,2025,All recommended works,2.5,2.91,0.05,,Unknown,,Not available in source,,RS_Session_259_AU_2235_1.csv,2.0
REAL-121,MP0119,Jebi Mather Hisham,Kerala,Alappuzha,Alappuzha,Parliamentary Member,2025,All recommended works,2.5,2.54,0.05,,Unknown,,Not available in source,,RS_Session_259_AU_2235_1.csv,2.0
REAL-122,MP0120,Shri. John Brittas,Kerala,Thiruvananthapuram,Thiruvananthapuram,Parliamentary Member,2025,All recommended works,2.0,7.61,0.55,,Unknown,,Not available in source,,RS_Session_259_AU_2235_1.csv,27.5
REAL-123,MP0121,Sh. Elamaram Kareem,Kerala,Kozhikode,Kozhikode,Parliamentary Member,2025,All recommended works,9.5,12.42,5.35,,Unknown,,Not available in source,,RS_Session_259_AU_2235_1.csv,56.3
REAL-124,MP0114,Shri. Abdul Wahab,Kerala,Malappuram,Malappuram,Parliamentary Member,2025,All recommended works,2.0,0.4,0.04,,Unknown,,Not available in source,,RS_Session_259_AU_2235_1.csv,2.0
REAL-125,MP0122,Shri. K.K Ragesh,Kerala,Kannur,Kannur,Parliamentary Member,2025,All recommended works,22.5,40.29,20.69,,Unknown,,Not available in source,,RS_Session_259_AU_2235_1.csv,92.0
REAL-126,MP0123,M P Veerendra Kumar,Kerala,Wayanad,Wayanad,Parliamentary Member,2025,All recommended works,7.5,8.08,3.77,,Unknown,,Not available in source,,RS_Session_259_AU_2235_1.csv,50.3
REAL-127,MP0124,Vayalar Ravi,Kerala,Alappuzha,Alappuzha,Parliamentary Member,2025,All recommended works,53.5,68.44,55.92,,Unknown,,Not available in source,,RS_Session_259_AU_2235_1.csv,104.5
REAL-128,MP0125,Shri. A.A. Rahim,Kerala,Thiruvananthapuram,Thiruvananthapuram,Parliamentary Member,2025,All recommended works,2.5,2.31,0.05,,Unknown,,Not available in source,,RS_Session_259_AU_2235_1.csv,2.0
REAL-129,MP0126,A.K. Antony,Kerala,Alappuzha,Alappuzha,Parliamentary Member,2025,All recommended works,54.5,69.54,54.79,,Unknown,,Not available in source,,RS_Session_259_AU_2235_1.csv,100.5
REAL-130,MP0127,Shri. M.V.shreyams Kumar,Kerala,Wayanad,Wayanad,Parliamentary Member,2025,All recommended works,2.0,2.15,0.18,,Unknown,,Not available in source,,RS_Session_259_AU_2235_1.csv,9.0
REAL-131,MP0128,V. Sivadasan,Kerala,Kannur,Kannur,Parliamentary Member,2025,All recommended works,2.0,1.1,0.04,,Unknown,,Not available in source,,RS_Session_259_AU_2235_1.csv,2.0
REAL-132,MP0129,Sumer Singh Solanki,Madhya Pradesh,Badwani,Badwani,Parliamentary Member,2025,All recommended works,2.0,0.0,0.0,,Unknown,,Not available in source,,RS_Session_259_AU_2235_1.csv,0.0
REAL-133,MP0130,Shri. M.J. Akbar,Madhya Pradesh,Bhopal,Bhopal,Parliamentary Member,2025,All recommended works,22.0,23.59,20.38,,Unknown,,Not available in source,,RS_Session_259_AU_2235_1.csv,92.6
REAL-134,MP0131,Vivek K. Tankha,Madhya Pradesh,Jabalpur,Jabalpur,Parliamentary Member,2025,All recommended works,2.5,2.35,1.24,,Unknown,,Not available in source,,RS_Session_259_AU_2235_1.csv,49.6
REAL-135,MP0132,Sampatiya Uikey,Madhya Pradesh,Mandla,Mandla,Parliamentary Member,2025,All recommended works,29.5,45.87,28.71,,Unknown,,Not available in source,,RS_Session_259_AU_2235_1.csv,97.3
REAL-136,MP0133,Shri. Jyotiraditya M. Scindia,Madhya Pradesh,Ashok Nagar,Ashok Nagar,Parliamentary Member,2025,All recommended works,2.0,0.0,0.0,,Unknown,,Not available in source,,RS_Session_259_AU_2235_1.csv,0.0
REAL-137,MP0134,Ajay Pratap Singh,Madhya Pradesh,Singrauli,Singrauli,Parliamentary Member,2025,All recommended works,12.0,8.58,7.64,,Unknown,,Not available in source,,RS_Session_259_AU_2235_1.csv,63.7
REAL-138,MP0135,Thawar Chand,Madhya Pradesh,Ujjain,Ujjain,Parliamentary Member,2025,All recommended works,10.0,14.72,10.43,,Unknown,,Not available in source,,RS_Session_259_AU_2235_1.csv,104.3
REAL-139,MP0136,Shri. Vivek K. Tankha,Madhya Pradesh,Jabalpur,Jabalpur,Parliamentary Member,2025,All recommended works,22.0,25.14,22.38,,Unknown,,Not available in source,,RS_Session_259_AU_2235_1.csv,101.7
REAL-140,MP0137,Rajmani Patel,Madhya Pradesh,Rewa,Rewa,Parliamentary Member,2025,All recommended works,14.5,15.34,13.74,,Unknown,,Not available in source,,RS_Session_259_AU_2235_1.csv,94.8
REAL-141,MP0138,Sumitra Balmik,Madhya Pradesh,Jabalpur,Jabalpur,Parliamentary Member,2025,All recommended works,5.0,2.36,1.73,,Unknown,,Not available in source,,RS_Session_259_AU_2235_1.csv,34.6
REAL-142,MP0139,Shri. Digvijay Singh,Madhya Pradesh,Bhopal,Bhopal,Parliamentary Member,2025,All recommended works,7.0,5.19,4.79,,Unknown,,Not available in source,,RS_Session_259_AU_2235_1.csv,68.4
REAL-143,MP0140,Kailash Soni,Madhya Pradesh,Narsinghpur,Narsinghpur,Parliamentary Member,2025,All recommended works,14.5,12.62,12.46,,Unknown,,Not available in source,,RS_Session_259_AU_2235_1.csv,85.9
REAL-144,MP0141,Sh. L. Murugan,Madhya Pradesh,Chhindwara,Chhindwara,Parliamentary Member,2025,All recommended works,2.0,0.0,0.04,,Unknown,,Not available in source,,RS_Session_259_AU_2235_1.csv,2.0
REAL-145,MP0142,Dharmendra Pradhan,Madhya Pradesh,Sehore,Sehore,Parliamentary Member,2025,All recommended works,7.5,4.44,4.59,,Unknown,,Not available in source,,RS_Session_259_AU_2235_1.csv,61.2
REAL-146,MP0143,Kavita Patidar,Madhya Pradesh,Indore,Indore,Parliamentary Member,2025,All recommended works,5.0,2.42,0.43,,Unknown,,Not available in source,,RS_Session_259_AU_2235_1.csv,8.6
REAL-147,MP0144,Sulata Deo,Madhya Pradesh,,,Parliamentary Member,2025,All recommended works,0.0,0.0,0.0,,Unknown,,Not available in source,,RS_Session_259_AU_2235_1.csv,0
REAL-148,MP0145,Praful Patel,Maharashtra,Gondia,Gondia,Parliamentary Member,2025,All recommended works,2.5,0.0,0.0,,Unknown,,Not available in source,,RS_Session_259_AU_2235_1.csv,0.0
REAL-149,MP0146,Imran Pratapgarhi,Maharashtra,Mumbai City,Mumbai City,Parliamentary Member,2025,All recommended works,2.5,0.0,0.0,,Unknown,,Not available in source,,RS_Session_259_AU_2235_1.csv,0.0
REAL-150,MP0147,Prakash Javadekar,Maharashtra,Pune,Pune,Parliamentary Member,2025,All recommended works,5.0,7.2,2.4,,Unknown,,Not available in source,,RS_Session_259_AU_2235_1.csv,48.0
REAL-151,MP0148,Sh. Praful Patel,Maharashtra,Gondia,Gondia,Parliamentary Member,2025,All recommended works,15.13,17.12,10.34,,Unknown,,Not available in source,,RS_Session_259_AU_2235_1.csv,68.3
REAL-152,MP0149,Narayan Rane,Maharashtra,Sindhudurg,Sindhudurg,Parliamentary Member,2025,All recommended works,7.5,15.15,6.59,,Unknown,,Not available in source,,RS_Session_259_AU_2235_1.csv,87.9
REAL-153,MP0150,Dhananjay Bhimrao Mahadik,Maharashtra,Kolhapur,Kolhapur,Parliamentary Member,2025,All recommended works,2.5,0.75,0.05,,Unknown,,Not available in source,,RS_Session_259_AU_2235_1.csv,2.0
REAL-154,MP0151,Ketkar Keshav Chintaman,Maharashtra,Thane,Thane,Parliamentary Member,2025,All recommended works,12.0,13.7,10.91,,Unknown,,Not available in source,,RS_Session_259_AU_2235_1.csv,90.9
REAL-155,MP0152,Shri. Sharad Pawar,Maharashtra,Pune,Pune,Parliamentary Member,2025,All recommended works,2.0,0.0,0.0,,Unknown,,Not available in source,,RS_Session_259_AU_2235_1.csv,0.0
REAL-156,MP0153,Shrimant Udayanraje Pratapsinghmaharaj Bhonsle,Maharashtra,Satara,Satara,Parliamentary Member,2025,All recommended works,2.0,2.75,0.87,,Unknown,,Not available in source,,RS_Session_259_AU_2235_1.csv,43.5
REAL-157,MP0154,Vikas Mahatme,Maharashtra,Nagpur,Nagpur,Parliamentary Member,2025,All recommended works,15.13,21.18,15.77,,Unknown,,Not available in source,,RS_Session_259_AU_2235_1.csv,104.2
REAL-158,MP0155,Shri. Vinay P. Sahasrabuddhe,Maharashtra,Thane,Thane,Parliamentary Member,2025,All recommended works,15.13,25.72,16.28,,Unknown,,Not available in source,,RS_Session_259_AU_2235_1.csv,107.6
REAL-159,MP0156,Sanjay Raut,Maharashtra,Mumbai Suburban,Mumbai Suburban,Parliamentary Member,2025,All recommended works,2.5,0.0,0.0,,Unknown,,Not available in source,,RS_Session_259_AU_2235_1.csv,0.0
REAL-160,MP0157,Bhgawat Kishanrao Karad,Maharashtra,Aurangabad,Aurangabad,Parliamentary Member,2025,All recommended works,4.5,5.46,3.11,,Unknown,,Not available in source,,RS_Session_259_AU_2235_1.csv,69.1
REAL-161,MP0158,P. Chidambaram,Maharashtra,Mumbai City,Mumbai City,Parliamentary Member,2025,All recommended works,12.63,14.74,11.18,,Unknown,,Not available in source,,RS_Session_259_AU_2235_1.csv,88.5
REAL-162,MP0159,Priyanka Vickram Chaturvedi,Maharashtra,Mumbai Suburban,Mumbai Suburban,Parliamentary Member,2025,All recommended works,2.0,0.1,0.04,,Unknown,,Not available in source,,RS_Session_259_AU_2235_1.csv,2.0
REAL-163,MP0160,Shri. Rajeev Satav,Maharashtra,Hingoli,Hingoli,Parliamentary Member,2025,All recommended works,0.0,0.0,0.0,,Unknown,,Not available in source,,RS_Session_259_AU_2235_1.csv,0
REAL-164,MP0161,Rajani Ashokrao Patil,Maharashtra,Beed,Beed,Parliamentary Member,2025,All recommended works,2.0,0.0,0.0,,Unknown,,Not available in source,,RS_Session_259_AU_2235_1.csv,0.0
REAL-165,MP0162,Anil Desai,Maharashtra,Mumbai City,Mumbai City,Parliamentary Member,2025,All recommended works,7.5,15.45,5.89,,Unknown,,Not available in source,,RS_Session_259_AU_2235_1.csv,78.5
REAL-166,MP0163,Sh. Piyush Goyal,Maharashtra,Mumbai City,Mumbai City,Parliamentary Member,2025,All recommended works,7.63,21.32,8.69,,Unknown,,Not available in source,,RS_Session_259_AU_2235_1.csv,113.9
REAL-167,MP0164,Sh. Sanjay Raut,Maharashtra,Mumbai Suburban,Mumbai Suburban,Parliamentary Member,2025,All recommended works,10.13,17.68,12.54,,Unknown,,Not available in source,,RS_Session_259_AU_2235_1.csv,123.8
REAL-168,MP0165,Vandana Chavan,Maharashtra,Pune,Pune,Parliamentary Member,2025,All recommended works,10.0,9.36,6.35,,Unknown,,Not available in source,,RS_Session_259_AU_2235_1.csv,63.5
REAL-169,MP0166,Anil Sukhdeorao Bonde,Maharashtra,Amravati,Amravati,Parliamentary Member,2025,All recommended works,2.5,0.0,0.0,,Unknown,,Not available in source,,RS_Session_259_AU_2235_1.csv,0.0
REAL-170,MP0167,Piyush Goyal,Maharashtra,Mumbai City,Mumbai City,Parliamentary Member,2025,All recommended works,2.5,0.0,0.0,,Unknown,,Not available in source,,RS_Session_259_AU_2235_1.csv,0.0
REAL-171,MP0168,Fauzia Tahseen Ahmed Khan,Maharashtra,Parbhani,Parbhani,Parliamentary Member,2025,All recommended works,4.5,4.42,1.72,,Unknown,,Not available in source,,RS_Session_259_AU_2235_1.csv,38.2
REAL-172,MP0169,Shri. Ramdas Athawale,Maharashtra,Mumbai Suburban,Mumbai Suburban,Parliamentary Member,2025,All recommended works,2.0,7.85,2.5,,Unknown,,Not available in source,,RS_Session_259_AU_2235_1.csv,125.0
REAL-173,MP0170,V. Muraleedharan,Maharashtra,Mumbai Suburban,Mumbai Suburban,Parliamentary Member,2025,All recommended works,7.5,9.74,5.18,,Unknown,,Not available in source,,RS_Session_259_AU_2235_1.csv,69.1
REAL-174,MP0171,Shri. Maharaja Sanajaoba Leishemba,Manipur,Imphal East,Imphal East,Parliamentary Member,2025,All recommended works,4.5,1.96,1.7,,Unknown,,Not available in source,,RS_Session_259_AU_2235_1.csv,37.8
REAL-175,MP0172,Shri. Wanweiroy Kharlukhi,Meghalaya,East Khasi Hills,East Khasi Hills,Parliamentary Member,2025,All recommended works,4.5,1.96,1.8,,Unknown,,Not available in source,,RS_Session_259_AU_2235_1.csv,40.0
REAL-176,MP0173,Shri. K. Vanlalvena,Mizoram,Aizawl,Aizawl,Parliamentary Member,2025,All recommended works,4.5,4.41,3.94,,Unknown,,Not available in source,,RS_Session_259_AU_2235_1.csv,87.6
REAL-177,MP0174,Ronald Sapa Tlau,Mizoram,Aizawl,Aizawl,Parliamentary Member,2025,All recommended works,27.5,27.5,27.98,,Unknown,,Not available in source,,RS_Session_259_AU_2235_1.csv,101.7
REAL-178,MP0175,Sh. K.G Kenye,Nagaland,Kohima,Kohima,Parliamentary Member,2025,All recommended works,22.0,20.0,20.0,,Unknown,,Not available in source,,RS_Session_259_AU_2235_1.csv,90.9
REAL-179,MP0176,S.phangnon Konyak,Nagaland,Mon,Mon,Parliamentary Member,2025,All recommended works,5.0,4.9,3.9,,Unknown,,Not available in source,,RS_Session_259_AU_2235_1.csv,78.0
REAL-180,MP0177,Shri. Amar Patnaik,Odisha,Sambalpur,Sambalpur,Parliamentary Member,2025,All recommended works,9.5,10.17,7.09,,Unknown,,Not available in source,,RS_Session_259_AU_2235_1.csv,74.6
REAL-181,MP0178,Niranjan Bishi,Odisha,Bolangir,Bolangir,Parliamentary Member,2025,All recommended works,2.5,0.0,0.0,,Unknown,,Not available in source,,RS_Session_259_AU_2235_1.csv,0.0
REAL-182,MP0179,Prashanta Nanda,Odisha,Sundargarh,Sundargarh,Parliamentary Member,2025,All recommended works,14.5,15.74,11.54,,Unknown,,Not available in source,,RS_Session_259_AU_2235_1.csv,79.6
REAL-183,MP0180,Shri. Prasanna Acharya,Odisha,Baragarh,Baragarh,Parliamentary Member,2025,All recommended works,22.0,22.43,17.91,,Unknown,,Not available in source,,RS_Session_259_AU_2235_1.csv,81.4
REAL-184,MP0181,Shri. Bhaskar Rao Nekkanti,Odisha,Rayagada,Rayagada,Parliamentary Member,2025,All recommended works,22.0,26.95,18.73,,Unknown,,Not available in source,,RS_Session_259_AU_2235_1.csv,85.1
REAL-185,MP0182,Manas Ranjan Mangaraj,Odisha,Ganjam,Ganjam,Parliamentary Member,2025,All recommended works,2.5,0.0,0.0,,Unknown,,Not available in source,,RS_Session_259_AU_2235_1.csv,0.0
REAL-186,MP0183,Shri. Subhash Chandra Singh,Odisha,Bolangir,Bolangir,Parliamentary Member,2025,All recommended works,2.0,0.0,0.0,,Unknown,,Not available in source,,RS_Session_259_AU_2235_1.csv,0.0
REAL-187,MP0184,Sasmit Patra,Odisha,Sundargarh,Sundargarh,Parliamentary Member,2025,All recommended works,2.5,0.0,0.0,,Unknown,,Not available in source,,RS_Session_259_AU_2235_1.csv,0.0
REAL-188,MP0185,Shri. Muzibulla Khan,Odisha,Khordha,Khordha,Parliamentary Member,2025,All recommended works,4.5,12.09,1.71,,Unknown,,Not available in source,,RS_Session_259_AU_2235_1.csv,38.0
REAL-189,MP0144,Sulata Deo,Odisha,Khordha,Khordha,Parliamentary Member,2025,All recommended works,2.5,0.0,0.0,,Unknown,,Not available in source,,RS_Session_259_AU_2235_1.csv,0.0
REAL-190,MP0186,Mamata Mohanta,Odisha,Mayurbhanj,Mayurbhanj,Parliamentary Member,2025,All recommended works,4.5,2.81,1.0,,Unknown,,Not available in source,,RS_Session_259_AU_2235_1.csv,22.2
REAL-191,MP0187,Shri. Sujeet Kumar,Odisha,Kalahandi,Kalahandi,Parliamentary Member,2025,All recommended works,4.5,7.22,2.15,,Unknown,,Not available in source,,RS_Session_259_AU_2235_1.csv,47.8
REAL-192,MP0188,Shri. Ashwini Vaishnaw,Odisha,Cuttack,Cuttack,Parliamentary Member,2025,All recommended works,2.5,0.73,0.63,,Unknown,,Not available in source,,RS_Session_259_AU_2235_1.csv,25.2
REAL-193,MP0189,Shri. Sasmit Patra,Odisha,Mayurbhanj,Mayurbhanj,Parliamentary Member,2025,All recommended works,9.5,8.41,5.8,,Unknown,,Not available in source,,RS_Session_259_AU_2235_1.csv,61.1
REAL-194,MP0190,Shri. S. Selvaganabathy,Puducherry,Pondicherry,Pondicherry,Parliamentary Member,2025,All recommended works,2.0,4.45,0.51,,Unknown,,Not available in source,,RS_Session_259_AU_2235_1.csv,25.5
REAL-195,MP0191,N Gokulakrishnan,Puducherry,Pondicherry,Pondicherry,Parliamentary Member,2025,All recommended works,22.5,31.3,22.98,,Unknown,,Not available in source,,RS_Session_259_AU_2235_1.csv,102.1
REAL-196,MP0192,Ambika Soni,Punjab,Rupnagar,Rupnagar,Parliamentary Member,2025,All recommended works,10.0,11.86,9.38,,Unknown,,Not available in source,,RS_Session_259_AU_2235_1.csv,93.8
REAL-197,MP0193,Shri. Ashok,Punjab,Kapurthala,Kapurthala,Parliamentary Member,2025,All recommended works,2.5,0.0,0.0,,Unknown,,Not available in source,,RS_Session_259_AU_2235_1.csv,0.0
REAL-198,MP0194,Shri. Raghav Chadha,Punjab,Sahibzada Ajit Singh Nagar,Sahibzada Ajit Singh Nagar,Parliamentary Member,2025,All recommended works,2.5,0.0,0.05,,Unknown,,Not available in source,,RS_Session_259_AU_2235_1.csv,2.0
REAL-199,MP0195,Shri. Shamsher Singh Dullo,Punjab,Fatehgarh Sahib,Fatehgarh Sahib,Parliamentary Member,2025,All recommended works,22.0,31.7,18.64,,Unknown,,Not available in source,,RS_Session_259_AU_2235_1.csv,84.7
REAL-200,MP0196,Shri. Sandeep Kumar Pathak,Punjab,Firozepur,Firozepur,Parliamentary Member,2025,All recommended works,2.5,0.0,0.0,,Unknown,,Not available in source,,RS_Session_259_AU_2235_1.csv,0.0
REAL-201,MP0197,Sukhdev Singh Dhindsa,Punjab,Sangrur,Sangrur,Parliamentary Member,2025,All recommended works,49.0,54.26,45.84,,Unknown,,Not available in source,,RS_Session_259_AU_2235_1.csv,93.6
REAL-202,MP0198,Shri. Shwait Malik,Punjab,Amritsar,Amritsar,Parliamentary Member,2025,All recommended works,15.0,16.65,13.82,,Unknown,,Not available in source,,RS_Session_259_AU_2235_1.csv,92.1
REAL-203,MP0199,Sardar Balwinder Singh Bhunder,Punjab,Mansa,Mansa,Parliamentary Member,2025,All recommended works,22.0,26.17,21.28,,Unknown,,Not available in source,,RS_Session_259_AU_2235_1.csv,96.7
REAL-204,MP0200,Vikramjit Singh Sahney,Punjab,Sahibzada Ajit Singh Nagar,Sahibzada Ajit Singh Nagar,Parliamentary Member,2025,All recommended works,2.5,2.24,0.05,,Unknown,,Not available in source,,RS_Session_259_AU_2235_1.csv,2.0
REAL-205,MP0201,Shri. Sanjeev Arora,Punjab,Ludhiana,Ludhiana,Parliamentary Member,2025,All recommended works,2.5,0.0,0.0,,Unknown,,Not available in source,,RS_Session_259_AU_2235_1.csv,0.0
REAL-206,MP0202,Sant Balbir Singh,Punjab,Jalandhar,Jalandhar,Parliamentary Member,2025,All recommended works,2.5,3.79,0.34,,Unknown,,Not available in source,,RS_Session_259_AU_2235_1.csv,13.6
REAL-207,MP0203,Sh. Naresh Gujral,Punjab,Jalandhar,Jalandhar,Parliamentary Member,2025,All recommended works,15.0,24.19,18.05,,Unknown,,Not available in source,,RS_Session_259_AU_2235_1.csv,120.3
REAL-208,MP0204,Shri. Harbhajan Singh,Punjab,Jalandhar,Jalandhar,Parliamentary Member,2025,All recommended works,2.5,1.91,0.23,,Unknown,,Not available in source,,RS_Session_259_AU_2235_1.csv,9.2
REAL-209,MP0205,Pratap Singh Bajwa,Punjab,Gurdaspur,Gurdaspur,Parliamentary Member,2025,All recommended works,17.5,21.43,14.3,,Unknown,,Not available in source,,RS_Session_259_AU_2235_1.csv,81.7
REAL-210,MP0206,Mukul Balkrishna Wasnik,Rajasthan,Jaipur,Jaipur,Parliamentary Member,2025,All recommended works,2.5,0.0,0.0,,Unknown,,Not available in source,,RS_Session_259_AU_2235_1.csv,0.0
REAL-211,MP0207,Shri. Neeraj Dangi,Rajasthan,Sirohi,Sirohi,Parliamentary Member,2025,All recommended works,4.5,3.28,1.8,,Unknown,,Not available in source,,RS_Session_259_AU_2235_1.csv,40.0
REAL-212,MP0208,Shri. Harshvardhan Singh Dungarpur,Rajasthan,Dungarpur,Dungarpur,Parliamentary Member,2025,All recommended works,17.5,26.65,15.0,,Unknown,,Not available in source,,RS_Session_259_AU_2235_1.csv,85.7
REAL-213,MP0209,Shri. Ram Kumar Verma,Rajasthan,Dausa,Dausa,Parliamentary Member,2025,All recommended works,22.0,19.12,19.51,,Unknown,,Not available in source,,RS_Session_259_AU_2235_1.csv,88.7
REAL-214,MP0210,Shri. K.J. Alphons,Rajasthan,Jaipur,Jaipur,Parliamentary Member,2025,All recommended works,14.5,17.62,12.68,,Unknown,,Not available in source,,RS_Session_259_AU_2235_1.csv,87.4
REAL-215,MP0211,Randeep Singh Surjewala,Rajasthan,Jaipur,Jaipur,Parliamentary Member,2025,All recommended works,2.5,0.0,0.0,,Unknown,,Not available in source,,RS_Session_259_AU_2235_1.csv,0.0
REAL-216,MP0212,Pramod Tiwari,Rajasthan,Jaipur,Jaipur,Parliamentary Member,2025,All recommended works,0.0,0.0,0.0,,Unknown,,Not available in source,,RS_Session_259_AU_2235_1.csv,0
REAL-217,MP0213,Shri. Om Prakash Mathur,Rajasthan,Jaipur,Jaipur,Parliamentary Member,2025,All recommended works,19.5,25.99,18.0,,Unknown,,Not available in source,,RS_Session_259_AU_2235_1.csv,92.3
REAL-218,MP0214,Shri. Rajendra Gehlot,Rajasthan,Jodhpur,Jodhpur,Parliamentary Member,2025,All recommended works,4.5,8.36,1.94,,Unknown,,Not available in source,,RS_Session_259_AU_2235_1.csv,43.1
REAL-219,MP0215,Manmohan Singh,Rajasthan,Jaipur,Jaipur,Parliamentary Member,2025,All recommended works,7.0,8.68,3.77,,Unknown,,Not available in source,,RS_Session_259_AU_2235_1.csv,53.9
REAL-220,MP0216,Ghanshyam Tiwari,Rajasthan,Jaipur,Jaipur,Parliamentary Member,2025,All recommended works,2.5,0.0,0.0,,Unknown,,Not available in source,,RS_Session_259_AU_2235_1.csv,0.0
REAL-221,MP0217,Kirodi Lal,Rajasthan,Dausa,Dausa,Parliamentary Member,2025,All recommended works,14.5,15.81,13.33,,Unknown,,Not available in source,,RS_Session_259_AU_2235_1.csv,91.9
REAL-222,MP0218,Bhupender Yadav,Rajasthan,Ajmer,Ajmer,Parliamentary Member,2025,All recommended works,7.5,7.11,2.63,,Unknown,,Not available in source,,RS_Session_259_AU_2235_1.csv,35.1
REAL-223,MP0219,Shri. K.C Venugopal,Rajasthan,Jaipur,Jaipur,Parliamentary Member,2025,All recommended works,2.0,1.13,0.04,,Unknown,,Not available in source,,RS_Session_259_AU_2235_1.csv,2.0
REAL-224,MP0220,Hishey Lachungpa,Sikkim,East District,East District,Parliamentary Member,2025,All recommended works,12.0,17.82,13.28,,Unknown,,Not available in source,,RS_Session_259_AU_2235_1.csv,110.7
REAL-225,MP0221,Shri. R. Vaithilingam,Tamil Nadu,Thanjavur,Thanjavur,Parliamentary Member,2025,All recommended works,15.0,22.48,12.54,,Unknown,,Not available in source,,RS_Session_259_AU_2235_1.csv,83.6
REAL-226,MP0222,Shri. T.K.S Elangovan,Tamil Nadu,Chennai,Chennai,Parliamentary Member,2025,All recommended works,22.0,22.17,19.57,,Unknown,,Not available in source,,RS_Session_259_AU_2235_1.csv,89.0
REAL-227,MP0223,N. Chandrasegharan,Tamil Nadu,Salem,Salem,Parliamentary Member,2025,All recommended works,0.0,0.0,0.0,,Unknown,,Not available in source,,RS_Session_259_AU_2235_1.csv,0
REAL-228,MP0224,Shri. P. Wilson,Tamil Nadu,Chennai,Chennai,Parliamentary Member,2025,All recommended works,4.5,2.49,2.45,,Unknown,,Not available in source,,RS_Session_259_AU_2235_1.csv,54.4
REAL-229,MP0225,Shri. P. Selvarasu,Tamil Nadu,Erode,Erode,Parliamentary Member,2025,All recommended works,2.0,0.0,0.0,,Unknown,,Not available in source,,RS_Session_259_AU_2235_1.csv,0.0
REAL-230,MP0226,Shri. S.R Balasubramonian,Tamil Nadu,Coimbatore,Coimbatore,Parliamentary Member,2025,All recommended works,22.0,20.63,18.25,,Unknown,,Not available in source,,RS_Session_259_AU_2235_1.csv,83.0
REAL-231,MP0227,K.R.N Rajeshkumar,Tamil Nadu,Namakkal,Namakkal,Parliamentary Member,2025,All recommended works,2.5,0.0,0.0,,Unknown,,Not available in source,,RS_Session_259_AU_2235_1.csv,0.0
REAL-232,MP0228,A. Navneethakrishnan,Tamil Nadu,Chennai,Chennai,Parliamentary Member,2025,All recommended works,27.5,42.78,33.23,,Unknown,,Not available in source,,RS_Session_259_AU_2235_1.csv,120.8
REAL-233,MP0229,Kanimozhi NVN Somu,Tamil Nadu,Chennai,Chennai,Parliamentary Member,2025,All recommended works,4.5,6.89,1.95,,Unknown,,Not available in source,,RS_Session_259_AU_2235_1.csv,43.3
REAL-234,MP0230,Anbumani Ramadoss,Tamil Nadu,Dharmapuri,Dharmapuri,Parliamentary Member,2025,All recommended works,4.5,5.92,2.77,,Unknown,,Not available in source,,RS_Session_259_AU_2235_1.csv,61.6
REAL-235,MP0231,C.VE Shanmugam,Tamil Nadu,Villupuram,Villupuram,Parliamentary Member,2025,All recommended works,2.5,0.0,0.0,,Unknown,,Not available in source,,RS_Session_259_AU_2235_1.csv,0.0
REAL-236,MP0158,P. Chidambaram,Tamil Nadu,Sivaganga,Sivaganga,Parliamentary Member,2025,All recommended works,2.5,0.0,0.0,,Unknown,,Not available in source,,RS_Session_259_AU_2235_1.csv,0.0
REAL-237,MP0232,Shri. M.mohamed Abdulla,Tamil Nadu,Pudukkottai,Pudukkottai,Parliamentary Member,2025,All recommended works,2.0,2.94,1.69,,Unknown,,Not available in source,,RS_Session_259_AU_2235_1.csv,84.5
REAL-238,MP0233,Shri. M Shanmugam,Tamil Nadu,Thanjavur,Thanjavur,Parliamentary Member,2025,All recommended works,7.0,9.16,4.52,,Unknown,,Not available in source,,RS_Session_259_AU_2235_1.csv,64.6
REAL-239,MP0234,Shri. Tiruchi Siva,Tamil Nadu,Tiruchirappalli,Tiruchirappalli,Parliamentary Member,2025,All recommended works,4.5,6.35,3.52,,Unknown,,Not available in source,,RS_Session_259_AU_2235_1.csv,78.2
REAL-240,MP0235,Shri. N Chandrasegharan,Tamil Nadu,Salem,Salem,Parliamentary Member,2025,All recommended works,4.5,3.28,2.39,,Unknown,,Not available in source,,RS_Session_259_AU_2235_1.csv,53.1
REAL-241,MP0236,Shri. M. Thambidurai,Tamil Nadu,Krishnagiri,Krishnagiri,Parliamentary Member,2025,All recommended works,2.0,0.0,0.0,,Unknown,,Not available in source,,RS_Session_259_AU_2235_1.csv,0.0
REAL-242,MP0237,Shri. K. P. Munusamy,Tamil Nadu,,,Parliamentary Member,2025,All recommended works,0.0,0.0,0.0,,Unknown,,Not available in source,,RS_Session_259_AU_2235_1.csv,0
REAL-243,MP0238,R. S. Bharthi,Tamil Nadu,Chennai,Chennai,Parliamentary Member,2025,All recommended works,22.0,22.04,19.93,,Unknown,,Not available in source,,RS_Session_259_AU_2235_1.csv,90.6
REAL-244,MP0239,M. Shanmugam,Tamil Nadu,Thanjavur,Thanjavur,Parliamentary Member,2025,All recommended works,0.0,0.0,0.0,,Unknown,,Not available in source,,RS_Session_259_AU_2235_1.csv,0
REAL-245,MP0240,A. Mohannedjan,Tamil Nadu,Vellore,Vellore,Parliamentary Member,2025,All recommended works,2.5,0.0,0.0,,Unknown,,Not available in source,,RS_Session_259_AU_2235_1.csv,0.0
REAL-246,MP0241,Shri. N.R. Elango,Tamil Nadu,Chennai,Chennai,Parliamentary Member,2025,All recommended works,2.0,0.0,0.0,,Unknown,,Not available in source,,RS_Session_259_AU_2235_1.csv,0.0
REAL-247,MP0242,R. Girirajan,Tamil Nadu,Tiruvallur,Tiruvallur,Parliamentary Member,2025,All recommended works,2.5,0.0,0.0,,Unknown,,Not available in source,,RS_Session_259_AU_2235_1.csv,0.0
REAL-248,MP0243,S Kalyanasundaram,Tamil Nadu,Thanjavur,Thanjavur,Parliamentary Member,2025,All recommended works,2.5,0.0,0.0,,Unknown,,Not available in source,,RS_Session_259_AU_2235_1.csv,0.0
REAL-249,MP0244,Sh. A Vijaykumar,Tamil Nadu,Kanniyakumari,Kanniyakumari,Parliamentary Member,2025,All recommended works,20.0,22.33,17.46,,Unknown,,Not available in source,,RS_Session_259_AU_2235_1.csv,87.3
REAL-250,MP0245,Shri. K. R. N. Rajeshkumar,Tamil Nadu,Namakkal,Namakkal,Parliamentary Member,2025,All recommended works,2.0,0.0,0.0,,Unknown,,Not available in source,,RS_Session_259_AU_2235_1.csv,0.0
REAL-251,MP0246,R. Dharmar,Tamil Nadu,Ramanathapuram,Ramanathapuram,Parliamentary Member,2025,All recommended works,0.0,0.0,0.0,,Unknown,,Not available in source,,RS_Session_259_AU_2235_1.csv,0
REAL-252,MP0247,Shri. G. K. Vasan,Tamil Nadu,Thanjavur,Thanjavur,Parliamentary Member,2025,All recommended works,2.0,5.91,0.04,,Unknown,,Not available in source,,RS_Session_259_AU_2235_1.csv,2.0
REAL-253,MP0248,Shri. Vaiko,Tamil Nadu,Tenkasi,Tenkasi,Parliamentary Member,2025,All recommended works,2.5,4.32,2.36,,Unknown,,Not available in source,,RS_Session_259_AU_2235_1.csv,94.4
REAL-254,MP0249,Santhosh Kumar Joganipally,Telangana,Karimnagar,Karimnagar,Parliamentary Member,2025,All recommended works,7.5,8.62,3.83,,Unknown,,Not available in source,,RS_Session_259_AU_2235_1.csv,51.1
REAL-255,MP0250,Shri. Lakshmikanta Rao Voditela,Telangana,Karimnagar,Karimnagar,Parliamentary Member,2025,All recommended works,15.0,20.19,14.33,,Unknown,,Not available in source,,RS_Session_259_AU_2235_1.csv,95.5
REAL-256,MP0251,K. keshava Rao,Telangana,Hyderabad,Hyderabad,Parliamentary Member,2025,All recommended works,4.5,5.57,1.7,,Unknown,,Not available in source,,RS_Session_259_AU_2235_1.csv,37.8
REAL-257,MP0252,Shri. Ravichandra Vaddiraju,Telangana,Khamman,Khamman,Parliamentary Member,2025,All recommended works,2.5,0.0,0.05,,Unknown,,Not available in source,,RS_Session_259_AU_2235_1.csv,2.0
REAL-258,MP0253,Damodar Rao Divakonda,Telangana,Jagtial,Jagtial,Parliamentary Member,2025,All recommended works,2.5,0.0,0.0,,Unknown,,Not available in source,,RS_Session_259_AU_2235_1.csv,0.0
REAL-259,MP0254,Badugula Lingaiah Yadav,Telangana,Suryapet,Suryapet,Parliamentary Member,2025,All recommended works,12.0,13.57,11.57,,Unknown,,Not available in source,,RS_Session_259_AU_2235_1.csv,96.4
REAL-260,MP0255,Shri. K. R. Suresh Reddy,Telangana,Nizamabad,Nizamabad,Parliamentary Member,2025,All recommended works,2.0,0.0,0.0,,Unknown,,Not available in source,,RS_Session_259_AU_2235_1.csv,0.0
REAL-261,MP0256,Prakash Banda,Telangana,Hanumakonda,Hanumakonda,Parliamentary Member,2025,All recommended works,2.5,6.46,1.58,,Unknown,,Not available in source,,RS_Session_259_AU_2235_1.csv,63.2
REAL-262,MP0257,B. Parthasaradhi Reddy,Telangana,Khamman,Khamman,Parliamentary Member,2025,All recommended works,2.5,0.0,0.05,,Unknown,,Not available in source,,RS_Session_259_AU_2235_1.csv,2.0
REAL-263,MP0258,Shri. Dharmapuri Srinivas,Telangana,Nizamabad,Nizamabad,Parliamentary Member,2025,All recommended works,20.0,28.0,20.32,,Unknown,,Not available in source,,RS_Session_259_AU_2235_1.csv,101.6
REAL-264,MP0259,Shri. Manik Saha,Tripura,West Tripura,West Tripura,Parliamentary Member,2025,All recommended works,0.0,0.0,0.0,,Unknown,,Not available in source,,RS_Session_259_AU_2235_1.csv,0
REAL-265,MP0260,Biplab Kumar Deb,Tripura,West Tripura,West Tripura,Parliamentary Member,2025,All recommended works,2.5,0.0,0.0,,Unknown,,Not available in source,,RS_Session_259_AU_2235_1.csv,0.0
REAL-266,MP0261,Jharna Das Baidya,Tripura,West Tripura,West Tripura,Parliamentary Member,2025,All recommended works,49.0,45.65,45.65,,Unknown,,Not available in source,,RS_Session_259_AU_2235_1.csv,93.2
REAL-267,MP0262,Ram Gopal Yadav,Uttar Pradesh,Etawah,Etawah,Parliamentary Member,2025,All recommended works,2.0,0.0,0.0,,Unknown,,Not available in source,,RS_Session_259_AU_2235_1.csv,0.0
REAL-268,MP0263,Tazeen Fatma,Uttar Pradesh,Rampur,Rampur,Parliamentary Member,2025,All recommended works,25.0,25.33,25.78,,Unknown,,Not available in source,,RS_Session_259_AU_2235_1.csv,103.1
REAL-269,MP0264,Jaya Bachchan,Uttar Pradesh,Bhadohi,Bhadohi,Parliamentary Member,2025,All recommended works,7.5,6.16,6.25,,Unknown,,Not available in source,,RS_Session_259_AU_2235_1.csv,83.3
REAL-270,MP0265,G. V. L Narasimha Rao,Uttar Pradesh,Varanasi,Varanasi,Parliamentary Member,2025,All recommended works,7.5,5.57,3.61,,Unknown,,Not available in source,,RS_Session_259_AU_2235_1.csv,48.1
REAL-271,MP0266,Sakaldeep,Uttar Pradesh,Ballia,Ballia,Parliamentary Member,2025,All recommended works,10.0,7.48,6.76,,Unknown,,Not available in source,,RS_Session_259_AU_2235_1.csv,67.6
REAL-272,MP0267,Sh. Kabil Sibal,Uttar Pradesh,Rae Bareli,Rae Bareli,Parliamentary Member,2025,All recommended works,17.5,21.34,15.0,,Unknown,,Not available in source,,RS_Session_259_AU_2235_1.csv,85.7
REAL-273,MP0268,Beni Prasad Verma,Uttar Pradesh,Barabanki,Barabanki,Parliamentary Member,2025,All recommended works,17.5,17.3,17.47,,Unknown,,Not available in source,,RS_Session_259_AU_2235_1.csv,99.8
REAL-274,MP0269,Seema Dwivedi,Uttar Pradesh,Jaunpur,Jaunpur,Parliamentary Member,2025,All recommended works,4.5,3.99,2.39,,Unknown,,Not available in source,,RS_Session_259_AU_2235_1.csv,53.1
REAL-275,MP0270,Ravi Prakash Verma,Uttar Pradesh,Kheri,Kheri,Parliamentary Member,2025,All recommended works,27.5,30.44,28.15,,Unknown,,Not available in source,,RS_Session_259_AU_2235_1.csv,102.4
REAL-276,MP0271,Sanjay Seth,Uttar Pradesh,Lucknow,Lucknow,Parliamentary Member,2025,All recommended works,5.0,2.04,0.6,,Unknown,,Not available in source,,RS_Session_259_AU_2235_1.csv,12.0
REAL-277,MP0272,Arun Singh,Uttar Pradesh,Mirzapur,Mirzapur,Parliamentary Member,2025,All recommended works,2.0,1.26,0.16,,Unknown,,Not available in source,,RS_Session_259_AU_2235_1.csv,8.0
REAL-278,MP0273,Sh. P.l Punia,Uttar Pradesh,Barabanki,Barabanki,Parliamentary Member,2025,All recommended works,25.0,24.97,25.08,,Unknown,,Not available in source,,RS_Session_259_AU_2235_1.csv,100.3
REAL-279,MP0274,Javed Ali Khan,Uttar Pradesh,Bhimnagar(sambhal),Bhimnagar(sambhal),Parliamentary Member,2025,All recommended works,2.5,0.0,0.0,,Unknown,,Not available in source,,RS_Session_259_AU_2235_1.csv,0.0
REAL-280,MP0275,Shri. Syed Zafar Islam,Uttar Pradesh,Moradabad,Moradabad,Parliamentary Member,2025,All recommended works,14.5,0.0,0.0,,Unknown,,Not available in source,,RS_Session_259_AU_2235_1.csv,0.0
REAL-281,MP0276,Shri. Hardeep Singh Puri,Uttar Pradesh,Sonbhadra,Sonbhadra,Parliamentary Member,2025,All recommended works,2.0,1.99,1.49,,Unknown,,Not available in source,,RS_Session_259_AU_2235_1.csv,74.5
REAL-282,MP0277,Shri. Sudhanshu Trivedi,Uttar Pradesh,Lucknow,Lucknow,Parliamentary Member,2025,All recommended works,4.5,4.86,3.35,,Unknown,,Not available in source,,RS_Session_259_AU_2235_1.csv,74.4
REAL-283,MP0278,Neeraj Shekhar,Uttar Pradesh,Ballia,Ballia,Parliamentary Member,2025,All recommended works,22.5,28.99,18.61,,Unknown,,Not available in source,,RS_Session_259_AU_2235_1.csv,82.7
REAL-284,MP0279,Baburam Nishad,Uttar Pradesh,Hamirpur,Hamirpur,Parliamentary Member,2025,All recommended works,2.5,0.0,0.0,,Unknown,,Not available in source,,RS_Session_259_AU_2235_1.csv,0.0
REAL-285,MP0280,Veer Singh,Uttar Pradesh,Moradabad,Moradabad,Parliamentary Member,2025,All recommended works,62.03,70.26,61.06,,Unknown,,Not available in source,,RS_Session_259_AU_2235_1.csv,98.4
REAL-286,MP0281,Shri. Sukhram Singh Yadav,Uttar Pradesh,Kanpur Nagar,Kanpur Nagar,Parliamentary Member,2025,All recommended works,15.0,12.9,12.25,,Unknown,,Not available in source,,RS_Session_259_AU_2235_1.csv,81.7
REAL-287,MP0282,Vijay Pal Singh Tomar,Uttar Pradesh,Meerut,Meerut,Parliamentary Member,2025,All recommended works,12.0,12.01,12.16,,Unknown,,Not available in source,,RS_Session_259_AU_2235_1.csv,101.3
REAL-288,MP0283,Raja Ram,Uttar Pradesh,Azamgarh,Azamgarh,Parliamentary Member,2025,All recommended works,50.03,49.12,46.67,,Unknown,,Not available in source,,RS_Session_259_AU_2235_1.csv,93.3
REAL-289,MP0274,Javed Ali Khan,Uttar Pradesh,Moradabad,Moradabad,Parliamentary Member,2025,All recommended works,27.5,25.78,25.25,,Unknown,,Not available in source,,RS_Session_259_AU_2235_1.csv,91.8
REAL-290,MP0284,Shri. Sanjay Seth,Uttar Pradesh,Lucknow,Lucknow,Parliamentary Member,2025,All recommended works,7.0,6.63,5.4,,Unknown,,Not available in source,,RS_Session_259_AU_2235_1.csv,77.1
REAL-291,MP0285,Sh. Amar Singh,Uttar Pradesh,Varanasi,Varanasi,Parliamentary Member,2025,All recommended works,5.0,4.57,2.38,,Unknown,,Not available in source,,RS_Session_259_AU_2235_1.csv,47.6
REAL-292,MP0286,Kapil Sibal,Uttar Pradesh,Muzaffarnagar,Muzaffarnagar,Parliamentary Member,2025,All recommended works,2.5,0.0,0.0,,Unknown,,Not available in source,,RS_Session_259_AU_2235_1.csv,0.0
REAL-293,MP0287,Laxmikant Bajpayee,Uttar Pradesh,Meerut,Meerut,Parliamentary Member,2025,All recommended works,2.5,0.0,0.0,,Unknown,,Not available in source,,RS_Session_259_AU_2235_1.csv,0.0
REAL-294,MP0288,Arun Jaitley,Uttar Pradesh,Rae Bareli,Rae Bareli,Parliamentary Member,2025,All recommended works,2.5,0.0,2.8,,Unknown,,Not available in source,,RS_Session_259_AU_2235_1.csv,112.0
REAL-295,MP0289,Ashok Bajpai,Uttar Pradesh,Lucknow,Lucknow,Parliamentary Member,2025,All recommended works,12.0,10.43,9.17,,Unknown,,Not available in source,,RS_Session_259_AU_2235_1.csv,76.4
REAL-296,MP0290,Shri. B. l. Verma,Uttar Pradesh,Budaun,Budaun,Parliamentary Member,2025,All recommended works,2.0,2.0,1.68,,Unknown,,Not available in source,,RS_Session_259_AU_2235_1.csv,84.0
REAL-297,MP0291,Hardeep Singh Puri,Uttar Pradesh,Sonbhadra,Sonbhadra,Parliamentary Member,2025,All recommended works,15.0,15.33,12.35,,Unknown,,Not available in source,,RS_Session_259_AU_2235_1.csv,82.3
REAL-298,MP0292,Shri. Neeraj Shekhar,Uttar Pradesh,Ballia,Ballia,Parliamentary Member,2025,All recommended works,2.0,0.0,0.0,,Unknown,,Not available in source,,RS_Session_259_AU_2235_1.csv,0.0
REAL-299,MP0293,Harnath Singh Yadav,Uttar Pradesh,Etah,Etah,Parliamentary Member,2025,All recommended works,14.5,12.31,11.09,,Unknown,,Not available in source,,RS_Session_259_AU_2235_1.csv,76.5
REAL-300,MP0294,Vishambhar Prasad Nishad,Uttar Pradesh,Banda,Banda,Parliamentary Member,2025,All recommended works,30.0,30.91,28.48,,Unknown,,Not available in source,,RS_Session_259_AU_2235_1.csv,94.9
REAL-301,MP0295,Jayant Chaudhary,Uttar Pradesh,Baghpat,Baghpat,Parliamentary Member,2025,All recommended works,2.5,0.0,0.0,,Unknown,,Not available in source,,RS_Session_259_AU_2235_1.csv,0.0
REAL-302,MP0296,Darshana Singh,Uttar Pradesh,Chandauli,Chandauli,Parliamentary Member,2025,All recommended works,2.5,1.49,1.54,,Unknown,,Not available in source,,RS_Session_259_AU_2235_1.csv,61.6
REAL-303,MP0297,Mithilesh Kumar,Uttar Pradesh,Shahjahanpur,Shahjahanpur,Parliamentary Member,2025,All recommended works,2.5,0.0,0.0,,Unknown,,Not available in source,,RS_Session_259_AU_2235_1.csv,0.0
REAL-304,MP0298,K. Laxman,Uttar Pradesh,Ghaziabad,Ghaziabad,Parliamentary Member,2025,All recommended works,2.5,1.8,0.05,,Unknown,,Not available in source,,RS_Session_259_AU_2235_1.csv,2.0
REAL-305,MP0299,Sh. Ashok Siddharth,Uttar Pradesh,Farrukhabad,Farrukhabad,Parliamentary Member,2025,All recommended works,22.0,20.61,20.11,,Unknown,,Not available in source,,RS_Session_259_AU_2235_1.csv,91.4
REAL-306,MP0300,Shri. Brijlal,Uttar Pradesh,Siddharth Nagar,Siddharth Nagar,Parliamentary Member,2025,All recommended works,4.5,2.59,1.8,,Unknown,,Not available in source,,RS_Session_259_AU_2235_1.csv,40.0
REAL-307,MP0301,Geeta Alias Chandraprabha,Uttar Pradesh,Auraiya,Auraiya,Parliamentary Member,2025,All recommended works,4.5,2.09,1.87,,Unknown,,Not available in source,,RS_Session_259_AU_2235_1.csv,41.6
REAL-308,MP0302,Shri. Ramji,Uttar Pradesh,Kheri,Kheri,Parliamentary Member,2025,All recommended works,7.0,4.58,2.78,,Unknown,,Not available in source,,RS_Session_259_AU_2235_1.csv,39.7
REAL-309,MP0303,Radha Mohan Das Agarwal,Uttar Pradesh,Gorakhpur,Gorakhpur,Parliamentary Member,2025,All recommended works,2.5,2.54,0.0,,Unknown,,Not available in source,,RS_Session_259_AU_2235_1.csv,0.0
REAL-310,MP0304,Satish Chandra Misra,Uttar Pradesh,Lucknow,Lucknow,Parliamentary Member,2025,All recommended works,5.0,51.86,1.5,,Unknown,,Not available in source,,RS_Session_259_AU_2235_1.csv,30.0
REAL-311,MP0305,Kanta Kardam,Uttar Pradesh,Hapur,Hapur,Parliamentary Member,2025,All recommended works,14.5,12.41,11.56,,Unknown,,Not available in source,,RS_Session_259_AU_2235_1.csv,79.7
REAL-312,MP0306,Shri. Surendra Singh Nagar,Uttar Pradesh,Bulandshahr,Bulandshahr,Parliamentary Member,2025,All recommended works,15.0,15.7,13.97,,Unknown,,Not available in source,,RS_Session_259_AU_2235_1.csv,93.1
REAL-313,MP0307,Hardwar Dubey,Uttar Pradesh,Agra,Agra,Parliamentary Member,2025,All recommended works,4.5,4.24,3.09,,Unknown,,Not available in source,,RS_Session_259_AU_2235_1.csv,68.7
REAL-314,MP0308,Shri. Jai Prakash Nishad,Uttar Pradesh,Gorakhpur,Gorakhpur,Parliamentary Member,2025,All recommended works,4.5,7.07,1.64,,Unknown,,Not available in source,,RS_Session_259_AU_2235_1.csv,36.4
REAL-315,MP0309,Chandra Pal Singh Yadav,Uttar Pradesh,Jhansi,Jhansi,Parliamentary Member,2025,All recommended works,20.0,18.04,16.92,,Unknown,,Not available in source,,RS_Session_259_AU_2235_1.csv,84.6
REAL-316,MP0306,Shri. Surendra Singh Nagar,Uttar Pradesh,Gautam Budh Nagar,Gautam Budh Nagar,Parliamentary Member,2025,All recommended works,4.5,2.51,2.55,,Unknown,,Not available in source,,RS_Session_259_AU_2235_1.csv,56.7
REAL-317,MP0310,Surendra Singh Nagar,Uttar Pradesh,Gautam Budh Nagar,Gautam Budh Nagar,Parliamentary Member,2025,All recommended works,2.5,0.0,0.0,,Unknown,,Not available in source,,RS_Session_259_AU_2235_1.csv,0.0
REAL-318,MP0304,Satish Chandra Misra,Uttar Pradesh,Lucknow,Lucknow,Parliamentary Member,2025,All recommended works,6.03,7.61,7.14,,Unknown,,Not available in source,,RS_Session_259_AU_2235_1.csv,118.4
REAL-319,MP0311,Sangeeta Yadav,Uttar Pradesh,Deoria,Deoria,Parliamentary Member,2025,All recommended works,2.5,0.0,0.0,,Unknown,,Not available in source,,RS_Session_259_AU_2235_1.csv,0.0
REAL-320,MP0292,Shri. Neeraj Shekhar,Uttar Pradesh,Ballia,Ballia,Parliamentary Member,2025,All recommended works,2.5,0.0,0.0,,Unknown,,Not available in source,,RS_Session_259_AU_2235_1.csv,0.0
REAL-321,MP0262,Ram Gopal Yadav,Uttar Pradesh,Etawah,Etawah,Parliamentary Member,2025,All recommended works,50.03,48.24,47.78,,Unknown,,Not available in source,,RS_Session_259_AU_2235_1.csv,95.5
REAL-322,MP0312,Anil Kumar Jain,Uttar Pradesh,Firozabad,Firozabad,Parliamentary Member,2025,All recommended works,10.0,7.41,5.73,,Unknown,,Not available in source,,RS_Session_259_AU_2235_1.csv,57.3
REAL-323,MP0313,Shri. Arun Singh,Uttar Pradesh,Mirzapur,Mirzapur,Parliamentary Member,2025,All recommended works,2.5,2.42,2.38,,Unknown,,Not available in source,,RS_Session_259_AU_2235_1.csv,95.2
REAL-324,MP0314,Anil Agarwal,Uttar Pradesh,Ghaziabad,Ghaziabad,Parliamentary Member,2025,All recommended works,10.0,8.39,6.29,,Unknown,,Not available in source,,RS_Session_259_AU_2235_1.csv,62.9
REAL-325,MP0315,Rewati Raman Singh,Uttar Pradesh,Allahabad,Allahabad,Parliamentary Member,2025,All recommended works,22.0,28.38,17.73,,Unknown,,Not available in source,,RS_Session_259_AU_2235_1.csv,80.6
REAL-326,MP0316,Shri. Shiv Pratap Shukla,Uttar Pradesh,Gorakhpur,Gorakhpur,Parliamentary Member,2025,All recommended works,19.5,22.91,15.77,,Unknown,,Not available in source,,RS_Session_259_AU_2235_1.csv,80.9
REAL-327,MP0317,Shri. Pradeep Tamta,Uttarakhand,Bageshwar,Bageshwar,Parliamentary Member,2025,All recommended works,22.0,19.42,18.21,,Unknown,,Not available in source,,RS_Session_259_AU_2235_1.csv,82.8
REAL-328,MP0318,Shri. Naresh Bansal,Uttarakhand,Dehradun,Dehradun,Parliamentary Member,2025,All recommended works,2.0,0.0,0.0,,Unknown,,Not available in source,,RS_Session_259_AU_2235_1.csv,0.0
REAL-329,MP0319,Kalpana Saini,Uttarakhand,Haridwar,Haridwar,Parliamentary Member,2025,All recommended works,2.5,0.0,0.0,,Unknown,,Not available in source,,RS_Session_259_AU_2235_1.csv,0.0
REAL-330,MP0320,Anil Baluni,Uttarakhand,Pauri Garhwal,Pauri Garhwal,Parliamentary Member,2025,All recommended works,5.0,2.09,0.6,,Unknown,,Not available in source,,RS_Session_259_AU_2235_1.csv,12.0
REAL-331,MP0321,Raj Babbar,Uttarakhand,Dehradun,Dehradun,Parliamentary Member,2025,All recommended works,25.0,25.07,23.5,,Unknown,,Not available in source,,RS_Session_259_AU_2235_1.csv,94.0
REAL-332,MP0322,Sushmita Dev,West Bengal,Kolkata,Kolkata,Parliamentary Member,2025,All recommended works,2.0,2.03,0.94,,Unknown,,Not available in source,,RS_Session_259_AU_2235_1.csv,47.0
REAL-333,MP0323,Shri. Luizinho Joaquim Faleiro,West Bengal,Kolkata,Kolkata,Parliamentary Member,2025,All recommended works,4.5,4.41,4.5,,Unknown,,Not available in source,,RS_Session_259_AU_2235_1.csv,100.0
REAL-334,MP0324,Abir Ranjan Biswas,West Bengal,Kolkata,Kolkata,Parliamentary Member,2025,All recommended works,10.0,7.54,5.92,,Unknown,,Not available in source,,RS_Session_259_AU_2235_1.csv,59.2
REAL-335,MP0325,Shri. P. Bhattacharya,West Bengal,Birbhum,Birbhum,Parliamentary Member,2025,All recommended works,14.5,14.13,14.36,,Unknown,,Not available in source,,RS_Session_259_AU_2235_1.csv,99.0
REAL-336,MP0326,Sh. Derek O Brien,West Bengal,Kolkata,Kolkata,Parliamentary Member,2025,All recommended works,5.0,6.58,5.37,,Unknown,,Not available in source,,RS_Session_259_AU_2235_1.csv,107.4
REAL-337,MP0327,Manas Rajan Bhunia,West Bengal,Kolkata,Kolkata,Parliamentary Member,2025,All recommended works,5.0,4.64,4.62,,Unknown,,Not available in source,,RS_Session_259_AU_2235_1.csv,92.4
REAL-338,MP0328,Shri. Bikash Ranjan Bhattacharya,West Bengal,Kolkata,Kolkata,Parliamentary Member,2025,All recommended works,4.5,6.08,2.0,,Unknown,,Not available in source,,RS_Session_259_AU_2235_1.csv,44.4
REAL-339,MP0329,Shri. Dinesh Trivedi,West Bengal,,,Parliamentary Member,2025,All recommended works,0.0,0.0,0.0,,Unknown,,Not available in source,,RS_Session_259_AU_2235_1.csv,0
REAL-340,MP0330,Santanu Sen,West Bengal,Kolkata,Kolkata,Parliamentary Member,2025,All recommended works,12.0,9.98,8.2,,Unknown,,Not available in source,,RS_Session_259_AU_2235_1.csv,68.3
REAL-341,MP0331,Miss. Dola Sen,West Bengal,Kolkata,Kolkata,Parliamentary Member,2025,All recommended works,17.0,15.85,13.94,,Unknown,,Not available in source,,RS_Session_259_AU_2235_1.csv,82.0
REAL-342,MP0332,Shri. Jawahar Sircar,West Bengal,Kolkata,Kolkata,Parliamentary Member,2025,All recommended works,2.0,1.96,2.0,,Unknown,,Not available in source,,RS_Session_259_AU_2235_1.csv,100.0
REAL-343,MP0333,Md. Nadimul Haque,West Bengal,Kolkata,Kolkata,Parliamentary Member,2025,All recommended works,10.0,13.31,12.31,,Unknown,,Not available in source,,RS_Session_259_AU_2235_1.csv,123.1
REAL-344,MP0334,Subhasish Chakrobarty,West Bengal,Kolkata,Kolkata,Parliamentary Member,2025,All recommended works,10.0,9.76,8.49,,Unknown,,Not available in source,,RS_Session_259_AU_2235_1.csv,84.9
REAL-345,MP0335,Shanta Chhetri,West Bengal,Kolkata,Kolkata,Parliamentary Member,2025,All recommended works,17.0,14.95,13.98,,Unknown,,Not available in source,,RS_Session_259_AU_2235_1.csv,82.2
REAL-346,MP0336,Shri. Subrata Bakshi,West Bengal,Kolkata,Kolkata,Parliamentary Member,2025,All recommended works,2.0,1.77,1.04,,Unknown,,Not available in source,,RS_Session_259_AU_2235_1.csv,52.0
REAL-347,MP0337,Mausam Noor,West Bengal,Kolkata,Kolkata,Parliamentary Member,2025,All recommended works,0.0,0.0,0.0,,Unknown,,Not available in source,,RS_Session_259_AU_2235_1.csv,0
REAL-348,MP0338,Sukhendu Sekhar Ray,West Bengal,Kolkata,Kolkata,Parliamentary Member,2025,All recommended works,12.5,12.49,10.66,,Unknown,,Not available in source,,RS_Session_259_AU_2235_1.csv,85.3
REAL-349,MP0339,Abhishek Manu Singhvi,West Bengal,Howrah,Howrah,Parliamentary Member,2025,All recommended works,7.5,9.7,3.02,,Unknown,,Not available in source,,RS_Session_259_AU_2235_1.csv,40.3
REAL-350,MP0340,Arpita Ghosh,West Bengal,,,Parliamentary Member,2025,All recommended works,0.0,0.0,0.0,,Unknown,,Not available in source,,RS_Session_259_AU_2235_1.csv,0
REAL-Total,MP0341,Total,Total,Total,Total,Parliamentary Member,2025,All recommended works,3276.92,3637.53,2625.42,,Unknown,,Not available in source,,RS_Session_259_AU_2235_1.csv,80.1
REAL-1,MP0342,SHRI. Ranjan Gogoi,Nominated,Kamrup Metropolitan,Kamrup Metropolitan,Parliamentary Member,2025,All recommended works,2.0,0.0,0.0,,Unknown,,Not available in source,,RS_Session_259_AU_2235_1.csv,0.0
REAL-2,MP0343,Raghunath Mohapatra,Nominated,Khordha,Khordha,Parliamentary Member,2025,All recommended works,5.0,4.59,1.21,,Unknown,,Not available in source,,RS_Session_259_AU_2235_1.csv,24.2
REAL-3,MP0344,Gulam Ali,Nominated,Jammu,Jammu,Parliamentary Member,2025,All recommended works,2.5,0.0,0.0,,Unknown,,Not available in source,,RS_Session_259_AU_2235_1.csv,0.0
REAL-4,MP0345,Sonal Mansingh,Nominated,Dang,Dang,Parliamentary Member,2025,All recommended works,9.5,8.15,6.2,,Unknown,,Not available in source,,RS_Session_259_AU_2235_1.csv,65.3
REAL-5,MP0346,SHRI. Mahesh Jethmalani,Nominated,Commissioner North Delhi Municipal Corporation,Commissioner North Delhi Municipal Corporation,Parliamentary Member,2025,All recommended works,2.0,2.45,0.04,,Unknown,,Not available in source,,RS_Session_259_AU_2235_1.csv,2.0
REAL-6,MP0347,Roopa Ganguly,Nominated,Commissioner South Delhi Municipal Corporation,Commissioner South Delhi Municipal Corporation,Parliamentary Member,2025,All recommended works,5.0,14.99,5.43,,Unknown,,Not available in source,,RS_Session_259_AU_2235_1.csv,108.6
REAL-7,MP0348,SHRI. Shambhaji Shahu Chhatrapati,Nominated,Kolhapur,Kolhapur,Parliamentary Member,2025,All recommended works,15.0,17.38,16.86,,Unknown,,Not available in source,,RS_Session_259_AU_2235_1.csv,112.4
REAL-8,MP0349,Ram Shakal,Nominated,Mirzapur,Mirzapur,Parliamentary Member,2025,All recommended works,12.0,10.47,7.61,,Unknown,,Not available in source,,RS_Session_259_AU_2235_1.csv,63.4
REAL-9,MP0350,V. Vijayendra Prasad,Nominated,East Godavari,East Godavari,Parliamentary Member,2025,All recommended works,2.5,0.0,0.0,,Unknown,,Not available in source,,RS_Session_259_AU_2235_1.csv,0.0
REAL-10,MP0351,Ilaiyaraaja,Nominated,,,Parliamentary Member,2025,All recommended works,0.0,0.0,0.0,,Unknown,,Not available in source,,RS_Session_259_AU_2235_1.csv,0
REAL-11,MP0352,M.C Mary Kom,Nominated,Churachandpur,Churachandpur,Parliamentary Member,2025,All recommended works,17.5,26.08,19.39,,Unknown,,Not available in source,,RS_Session_259_AU_2235_1.csv,110.8
REAL-12,MP0353,Dharmasthala Veerendra Heggade,Nominated,Dakshin Kannad,Dakshin Kannad,Parliamentary Member,2025,All recommended works,2.5,0.0,0.0,,Unknown,,Not available in source,,RS_Session_259_AU_2235_1.csv,0.0
REAL-13,MP0354,P.T. Usha,Nominated,Kozhikode,Kozhikode,Parliamentary Member,2025,All recommended works,2.5,0.0,0.0,,Unknown,,Not available in source,,RS_Session_259_AU_2235_1.csv,0.0
REAL-14,MP0355,Subramonian Swamy,Nominated,Mumbai Suburban,Mumbai Suburban,Parliamentary Member,2025,All recommended works,17.5,26.83,14.13,,Unknown,,Not available in source,,RS_Session_259_AU_2235_1.csv,80.7
REAL-15,MP0356,Sh. Rakesh Sinha,Nominated,Begusarai,Begusarai,Parliamentary Member,2025,All recommended works,9.5,9.4,8.66,,Unknown,,Not available in source,,RS_Session_259_AU_2235_1.csv,91.2
REAL-16,MP0357,SHRI. Swapan Dasgupta,Nominated,Kolkata,Kolkata,Parliamentary Member,2025,All recommended works,20.0,23.11,21.21,,Unknown,,Not available in source,,RS_Session_259_AU_2235_1.csv,106.0
REAL-16,MP0360,SHRI. Swapan Dasgupta,Nominated,Kolkata,Kolkata,Parliamentary Member,2025,All recommended works,20.0,23.11,21.21,,Unknown,,Not available in source,,RS_Session_259_AU_2235_1.csv,106.0
REAL-17,MP0358,SHRI. Suresh Gopi,Nominated,Thiruvananthapuram,Thiruvananthapuram,Parliamentary Member,2025,All recommended works,17.5,23.31,14.23,,Unknown,,Not available in source,,RS_Session_259_AU_2235_1.csv,81.3
REAL-18,MP0359,Narendra Jadav,Nominated,Nashik,Nashik,Parliamentary Member,2025,All recommended works,15.0,22.88,16.66,,Unknown,,Not available in source,,RS_Session_259_AU_2235_1.csv,111.1
REAL-19,MP0357,SHRI. Swapan Das Gupta,Nominated,Kolkata,Kolkata,Parliamentary Member,2025,All recommended works,2.0,0.0,0.0,,Unknown,,Not available in source,,RS_Session_259_AU_2235_1.csv,0.0
REAL-19,MP0360,SHRI. Swapan Das Gupta,Nominated,Kolkata,Kolkata,Parliamentary Member,2025,All recommended works,2.0,0.0,0.0,,Unknown,,Not available in source,,RS_Session_259_AU_2235_1.csv,0.0
REAL-Total,MP0341,Total,Total,Total,Total,Parliamentary Member,2025,All recommended works,159.5,189.63,131.63,,Unknown,,Not available in source,,RS_Session_259_AU_2235_1.csv,82.5
REAL-Grand Total,MP0361,Grand Total,Grand Total,Grand Total,Grand Total,Parliamentary Member,2025,All recommended works,3436.42,3827.16,2757.05,,Unknown,,Not available in source,,RS_Session_259_AU_2235_1.csv,80.2
