S.No,Name of MP (Shri/Smt/Dr./Ms/Prof./Adv.),State,Nodal District,Tenure of MP,Entitlement till his tenure,GOI Release (in Cr),Unreleased Amount (in Cr)
1,Ayodhya Rami Reddy Alla,Andhra Pradesh,Guntur,22.06.2020 to 21.06.2026,22,2,20
2,C.M Ramesh,Andhra Pradesh,Cuddapah,03.04.2018 to 02.04.2024,22,7.5,14.5
3,Kanakamedala Ravindra Kumar,Andhra Pradesh,Krishna,03.04.2018 to 02.04.2024,22,10,12
4,Parimal Nathwani,Andhra Pradesh,Kadapa,22.06.2020 to 21.06.2026,22,2,20
5,Pilli Subhaschandra Bose,Andhra Pradesh,East Godavari,22.06.2020 to 21.06.2026,22,2,20
6,Prabhakar Reddy Vemireddy,Andhra Pradesh,Nellore,03.04.2018 to 02.04.2024,22,10,12
7,Suresh Prabhu,Andhra Pradesh,Krishna,22.06.2016 to 21.06.2022,22,7.5,14.5
8,T.G Venkatesh,Andhra Pradesh,Kurnool,22.06.2016 to 21.06.2022,22,12.5,9.5
9,V.VIJAYASAI REDDY,Andhra Pradesh,Visakhapatnam,22.06.2016 to 21.06.2022,22,20,2
10,Venkataramana Rao Mopidevi,Andhra Pradesh,Guntur,22.06.2020 to 21.06.2026,22,2,20
11,Y.S. Chowdary,Andhra Pradesh,Krishna,22.06.2016 to 21.06.2022,22,7.5,14.5
12,Nabam Rebia,Arunachal Pradesh,Papum Pare,24.06.2020 to 23.06.2026,22,2,20
13,Ripun Bora,Assam,Sonitpur,03.04.2016 to 02.04.2022,22,22,0
14,Ajit Kumar Bhuyan,Assam,Kamrup Metropolitan,10.04.2020 to 09.04.2026,22,2,20
15,Bhubaneswar Kalita,Assam,Kamrup,10.04.2020 to 09.04.2026,22,2,20
16,Birendra Prasad Baishya,Assam,Kamrup Metropolitan,15.06.2019 to 14.06.2025,22,5,17
17,Kamakhya Prasad Tasa,Assam,Jorhat,15.06.2019 to 14.06.2025,22,5,17
18,Sarbananda Sonowal,Assam,Dibrugarh,27.09.2021 to 26.09.2027,29.5,2,27.5
19,Ranee Narah,Assam,Lakhimpur,03.04.2016 to 02.04.2022,22,22,0
20,Prem Chand Gupta,Bihar,Patna,10.04.2020 to 09.04.2026,22,2,20
21,Harivansh,Bihar,Nodal District Awaited,10.04.2020 to 09.04.2026,22,0,22
22,A. D. Singh,Bihar,Patna,10.04.2020 to 09.04.2026,22,2,20
23,Ram Nath Thakur,Bihar,Samastipur,10.04.2020 to 09.04.2026,22,2,20
24,Vivek Thakur,Bihar,Patna,10.04.2020 to 09.04.2026,22,2,20
25,Misha Bharti,Bihar,Patna,08.07.2016 to 07.07.2022,22,10,12
26,Satish Chandra Dubey,Bihar,Paschim Champaran,09.10.2019 to 07.07.2022,7,4.5,2.5
27,Gopal Narayan Singh,Bihar,Rohtas,08.07.2016 to 07.07.2022,22,19.5,2.5
28,Ram Chandra Prasad Singh,Bihar,Nodal District Awaited,08.07.2016 to 07.07.2022,22,0,22
29,Manoj Kumar Jha,Bihar,Saharsa,03.04.2018 to 02.04.2024,22,12,10
30,Ahmad Ashfaque Karim,Bihar,Katihar,03.04.2018 to 02.04.2024,22,7.5,14.5
31,Sushil Kumar Modi,Bihar,Patna,08.12.2020 to 02.04.2024,12,2,10
32,Akhilesh Prasad Singh,Bihar,East Champaran (Motihari),03.04.2018 to 02.04.2024,22,7.5,14.5
33,Bashistha Narain Singh,Bihar,Buxar,03.04.2018 to 02.04.2024,22,12,10
34,Saroj Pandey,Chhattisgarh,Durg,03.04.2018 to 02.04.2024,22,5,17
35,Ram Vichar Netam,Chhattisgarh,Balrampur,30.06.2016 to 29.06.2022,22,17.5,4.5
36,K.T.S Tulsi,Chhattisgarh,Bilaspur,10.04.2020 to 09.04.2026,22,2,20
37,Chhaya Verma,Chhattisgarh,Raipur,30.06.2016 to 29.06.2022,22,22,0
38,Phulo Devi Netam,Chhattisgarh,Kondagaon,10.04.2020 to 09.04.2026,22,2,20
39,Sushil Gupta,Delhi,Commissioner North DMC,28.01.2018 to 27.01.2024,22,5,17
40,Narain das Gupta,Delhi,Commissioner South DMC,28.01.2018 to 27.01.2024,22,12,10
41,Sanjay Singh,Delhi,Commissioner South DMC,28.01.2018 to 27.01.2024,22,7.5,14.5
42,Vinay D Tendulkar,Goa,South Goa,29.07.2017 to 28.07.2023,22,7.5,14.5
43,Amee Yajnik Harshadray,Gujarat,Ahmedabad,03.04.2018 to 02.04.2024,22,10,12
44,Amin Narhari,Gujarat,Ahmedabad,22.06.2020 to 21.06.2026,17,2,15
45,Dineshchandra Jemalbhai Anavadiya,Gujarat,Banaskantha,23.02.2021 to 18.08.2023,9.5,2,7.5
46,Jugalsinh Mathurji Lokhandwala,Gujarat,Mahesana,06.07.2019 to 18.08.2023,12,4.5,7.5
47,Mansukh Madaviya,Gujarat,Bhavnagar,03..4.2018 to 02.04.2024,22,7.5,14.5
48,Naranbhai J. Rathwa,Gujarat,Chhota Udaipur,03..4.2018 to 02.04.2024,22,12,10
49,Parshottam Rupala,Gujarat,Amreli,03..4.2018 to 02.04.2024,22,10,12
50,Rambhai Harjibhai Mokariya,Gujarat,Rajkot,23.02.2021 to 21.06.2026,22,2,20
51,S. Jaishankar,Gujarat,Narmada,06.07.2019 to 18.08.2023,12,4.5,7.5
52,Shaktisinh Gohil,Gujarat,Ahmedabad,22.06.2020 to 21.06.2026,17,2,15
53,Ramilaben Bara,Gujarat,Sabarkantha,22.06.2020 to 21.06.2026,17,2,15
54,Devendra Paul Vats,Haryana,Hisar,03.04.2018 to 02.04.2024,22,10,12
55,Deepender Singh,Haryana,Rohtak,10.04.2020 to 09.04.2026,22,2,20
56,Dushyant Gautam,Haryana,Panipat,19.03.2020 to 01.08.2022,4.5,2,2.5
57,Ram Chander Jangra,Haryana,Rohtak,10.04.2020 to 09.04.2026,22,2,20
58,Shri Subhash Chandra,Haryana,Hisar,02.08.2016 to 01.08.2022,22,15,7
59,Shri Anand Sharma,Himachal Pradesh,Shimla,03.04.2016 to 02.04.2022,22,12.5,9.5
60,Shri Jagat Prakash Nadda,Himachal Pradesh,Bilaspur,03.04.2018 to 02.04.2024,22,10,12
61,Indubala Goswami,Himachal Pradesh,Kangra,10.04.2020 to 09.04.2026,22,2,20
62,Dhiraj Prasad Sahu,Jharkhand,Lohardaga,04.05.2018 to 03.05.2024,22,10,12
63,Mahesh Poddar,Jharkhand,Ranchi,08.07.2016 to 07.07.2022,22,17.5,4.5
64,Mukhtar Abbas Naqvi,Jharkhand,Ranchi,08.07.2016 to 07.07.2022,22,15,7
65,Deepak Prakash,Jharkhand,Ranchi,22.06.2020 to 21.06.2026,22,2,20
66,Samir Oraon,Jharkhand,Gumla,04.05.2018 to 03.05.2024,22,7.5,14.5
67,Shbu Soren,Jharkhand,Gumla,22.06.2020 to 21.06.2026,22,2,20
68,Jairam Ramesh,Karnataka,Chikmagalur,01.07.2016 to 30.06.2022,19.5,10,9.5
69,G.C Chandrashekhar,Karnataka,Bengaluru Urban,03.04.2018 to 02.04.2024,22,10,12
70,H.D. Devegowda,Karnataka,Hassan,26.06.2020 to 25.06.2026,22,2,20
71,Iranna Kadadi,Karnataka,Belagavi,26.06.2020 to 25.06.2026,22,2,20
72,K.C Ramamurthy,Karnataka,Bengaluru Urban,05.12.2019 to 30.06.2022,7,2.5,4.5
73,L. HANUMANTHAIAH,Karnataka,Bengaluru Urban,03.04.2018 to 02.04.2024,22,7.5,14.5
74,Narayana Koragappa,Karnataka,Bengaluru Urban,26.11.2020 to 25.11.2026,22,2,20
75,Rajeev Chandrashekhar,Karnataka,Bengaluru Urban,03.04.2018 to 02.04.2024,22,7.5,14.5
76,Syed Nasir Hussain,Karnataka,Ballari,03.04.2018 to 02.04.2024,22,5,17
77,Nirmala Sitharaman,Karnataka,Bengaluru Urban,01.07.2016 to 30.06.2022,19.5,17.5,2
78,Mallikarjun Kharge,Karnataka,Gulbarga,26.06.2020 to 25.06.2026,22,0,22
79,V. Sivadasan,Kerala,Kannur,24.04.2021 to 23.04.2027,27,2,25
80,A.K. Antony,Kerala,Alappuzha,03.04.2016 to 02.04.2022,22,17.5,4.5
81,Abdul Wahab,Kerala,Malappuram,24.04.2021 to 23.04.2027,27,2,25
82,Binoy Viswam,Kerala,Thiruvananthapuram,02.07.2018 to 01.07.2024,22,20,2
83,John Brittas,Kerala,Thiruvananthapuram,24.04.2021 to 23.04.2027,27,2,25
84,Jose K. Mani,Kerala,Kottayam,30.11.2021 to 01.07.2024,27,2,25
85,K. Somaprasad,Kerala,Kollam,03.04.2016 to 02.04.2022,22,15,7
86,M.V.Shreyams Kumar,Kerala,Wayanad,25.08.2020 to 02.04.2022,2,2,0
87,Elamaram Kareem,Kerala,Kozhikode,02.07.2018 to 01.07.2024,22,20,2
88,Sumer Singh Solanki,Madhya Pradesh,Badwani,22.06.2020 to 21.06.2026,22,2,20
89,Rajmani Patel,Madhya Pradesh,Rewa,03.04.2018 to 02.04.2024,22,10,12
90,Vivek K. Tankha,Madhya Pradesh,Jabalpur,30.06.2016 to 29.06.2022,22,17.5,4.5
91,Ajay Pratap Singh,Madhya Pradesh,Singrauli,03.04.2018 to 02.04.2024,22,12,10
92,Dharmendra Pradhan,Madhya Pradesh,Sehore,03.04.2018 to 02.04.2024,22,5,17
93,Jyotiraditya M. Scindia,Madhya Pradesh,Ashok Nagar,22.06.2020 to 21.06.2026,22,2,20
94,Kailash Soni,Madhya Pradesh,Narsinghpur,03.04.2018 to 02.04.2024,22,10,12
95,M.J. Akbar,Madhya Pradesh,Bhopal,30.06.2016 to 29.06.2022,22,17.5,4.5
96,Sampatiya Uikey,Madhya Pradesh,Mandla,01.08.2017 to 29.06.2022,29.5,29.5,0
97,Digvijay Singh,Madhya Pradesh,Bhopal,22.06.2020 to 21.06.2026,22,2,20
98,L. Murugan,Madhya Pradesh,Chhindwara,27.09.2021 to 02.04.2024,12,2,10
99,Bhgawat Kishanrao Karad,Maharashtra,Aurangabad,03.04.2020 to 02.04.2026,17,2,15
100,Fauzia Tahseen Ahmed Khan,Maharashtra,Parbhani,03.04.2020 to 02.04.2026,17,2,15
101,Vikas Mahatme,Maharashtra,Nagpur,05.07.2016 to 04.07.2022,22.13,12.63,9.5
102,Narayan Rane,Maharashtra,Sindhudurg,03.04.2018 to 02.04.2024,22,7.5,14.5
103,Piyush Goyal,Maharashtra,Mumbai City,05.07.2016 to 04.07.2022,22.13,5.13,17
104,Praful Patel,Maharashtra,Gondia,05.07.2016 to 04.07.2022,22.13,15.13,7
105,Sanjay Raut,Maharashtra,Mumbai Suburban,05.07.2016 to 04.07.2022,22.13,10.13,12
106,P. Chidambaram,Maharashtra,Mumbai City,05.07.2016 to 04.07.2022,22.13,10.13,12
107,Anil Desai,Maharashtra,Mumbai City,03.04.2018 to 02.04.2024,22,5,17
108,CHH. Udayanraje Bhonsle,Maharashtra,Satara,03.04.2020 to 02.04.2026,17,2,15
109,Ketkar Keshav Chintaman,Maharashtra,Thane,03.04.2018 to 02.04.2024,22,10,12
110,Prakash Javadekar,Maharashtra,Pune,03.04.2018 to 02.04.2024,22,5,17
111,Ramdas Athawale,Maharashtra,Mumbai Suburban,03.04.2020 to 02.04.2026,17,2,15
112,Sharad Pawar,Maharashtra,Pune,03.04.2020 to 02.04.2026,17,2,15
113,V. Muraleedharan,Maharashtra,Mumbai Suburban,03.04.2018 to 02.04.2024,22,7.5,14.5
114,Vinay P. Sahasrabuddhe,Maharashtra,Thane,05.07.2016 to 04.07.2022,22.13,7.63,14.5
115,Priyanka Vickram Chaturvedi,Maharashtra,Mumbai Suburban,03.04.2020 to 02.04.2026,17,2,15
116,Vandana Chavan,Maharashtra,Pune,03.04.2018 to 02.04.2024,22,10,12
117,Rajani Ashokrao Patil,Maharashtra,Beed,27.09.2021 to 02.04.2026,17,0,17
118,Maharaja Sanajaoba Leishemba,Manipur,Imphal East,22.06.2020 to 21.06.2026,22,2,20
119,Wanweiroy Kharlukhi,Meghalaya,East Khasi Hills,22.06.2020 to 21.06.2027,22,0,22
120,K. Vanlalvena,Mizoram,Aizawal,20.07.2020 to 19.07.2026,22,2,20
121,K.G. Kenye,Nagaland,Kohima,03.04.2016 to 02.04.2022,24,22,2
122,Amar Patnaik,Odisha,Sundargarh,29.06.2019 to 03.04.2024,17,7,10
123,Sasmit Patra,Odisha,Mayurbhanj,29.06.2019 to 01.07.2022,9.5,5,4.5
124,Ashwini Vaishnaw,Odisha,Cuttack,29.06.2019 to 03.04.2024,17,2.5,14.5
125,Bhaskar Rao Nekkanti,Odisha,Rayagada,02.07.2016 to 01.07.2022,22,15,7
126,Prasanna Acharya,Odisha,Baragarh,02.07.2016 to 01.07.2022,22,17.5,4.5
127,Prashanta Nanda,Odisha,Sundargarh,04.04.2018 to 03.04.2024,22,10,12
128,Muzibulla Khan,Odisha,Khordha,03.04.2020 to 02.04.2026,22,2,20
129,Sujeet Kumar,Odisha,Kalahandi,03.04.2020 to 02.04.2026,22,2,20
130,Mamta Mohanta,Odisha,Mayurbhanj,03.04.2020 to 02.04.2026,22,2,20
131,Subhash Chandra Singh,Odisha,Balangir,03.04.2020 to 02.04.2026,22,2,20
132,S Selvaganabathy,Puducherry,Puducherry,07.10.2021 to 06.10.2027,29.5,2,27.5
133,Ambika Soni,Punjab,Rupnagar,05.07.2016 to 04.07.2022,22,7.5,14.5
134,Naresh Gujral,Punjab,Jalandhar,10.04.2016 to 09.04.2022,22,15,7
135,Pratap Singh Bajwa,Punjab,Gurdaspur,10.04.2016 to 09.04.2022,22,15,7
136,Balwinder Singh Bhunder,Punjab,Mansa,05.07.2016 to 04.07.2022,22,17.5,4.5
137,Shamsher Singh Dullo,Punjab,Fatehgarh Sahib,10.04.2016 to 09.04.2022,22,20,2
138,Shwait Malik,Punjab,Amritsar,10.04.2016 to 09.04.2022,22,15,7
139,Sukhdev Singh Dhindsa,Punjab,Sangrur,10.04.2016 to 09.04.2022,49,47,2
140,Manmohan Singh,Rajasthan,Jaipur,20.08.2019 to 03.04.2024,14.5,2.5,12
141,Bhupender Yadav,Rajasthan,Ajmer,04.04.2018 to 03.04.2024,22,7.5,14.5
142,Harshvardhan Singh Dungarpur,Rajasthan,Dungarpur,05.07.2016 to 04.07.2022,22,12.5,9.5
143,K.C Venugopal,Rajasthan,Jaipur,22.06.2020 to 21.06.2026,22,2,20
144,K.J. Alphons,Rajasthan,Jaipur,10.11.2017 to 04.07.2022,17,10,7
145,Kirodi Lal,Rajasthan,Dausa,04.04.2018 to 03.04.2024,22,12,10
146,Neeraj Dangi,Rajasthan,Sirohi,22.06.2020 to 21.06.2026,22,2,20
147,Om Prakash Mathur,Rajasthan,Jaipur,05.07.2016 to 04.07.2022,22,12.5,9.5
148,Ram Kumar Verma,Rajasthan,Dausa,05.07.2016 to 04.07.2022,22,19.5,2.5
149,Rajendra Singh Gahlot,Rajasthan,Jodhpur,22.06.2020 to 21.06.2026,22,0,22
150,Hishey Lachungpa,Sikkim,East District,24.02.2018 to 23.02.2024,22,10,12
151,Kanimozhi NVN Somu,Tamil Nadu,Chennai,29.07.2021 to 02.04.2026,22,2,20
152,A Vijaykumar,Tamil Nadu,Kanniyakumari,30.06.2016 to 29.06.2022,22,15,7
153,A. Navneethakrishnan,Tamil Nadu,Chennai,30.06.2016 to 29.06.2022,22,12.5,9.5
154,K.R.N. Rajeshkumar,Tamil Nadu,Namakkal,29.09.2021 to 29.06.2022,2,2,0
155,M Shanmugam,Tamil Nadu,Thanjavaur,25.07.2019 to 24.07.2025,22,4.5,17.5
156,M.Mohamed Abdulla,Tamil Nadu,Pudukkottai,06.09.2021 to 24.07.2025,19.5,2,17.5
157,N Chandrasegharan,Tamil Nadu,Salem,25.07.2019 to 24.07.2025,22,2.5,19.5
158,P. Wilson,Tamil Nadu,Chennai,25.07.2019 to 24.07.2025,22,2.5,19.5
159,R.S. Bharthi,Tamil Nadu,Chennai,30.06.2016 to 29.06.2022,22,20,2
160,S.R Balasubramonian,Tamil Nadu,Coimbatore,30.06.2016 to 29.06.2022,22,20,2
161,T.K.S Elangovan,Tamil Nadu,Chennai,30.06.2016 to 29.06.2022,22,20,2
162,Tiruchi Siva,Tamil Nadu,Tiruchirappali,03.04.2020 to 02.04.2026,22,2,20
163,Vaiko,Tamil Nadu,Tenkasi,25.07.2019 to 24.07.2025,22,2.5,19.5
164,Anbumani Ramadoss,Tamil Nadu,Dharmapuri,25.07.2019 to 24.07.2025,22,4.5,17.5
165,N.R. Elango,Tamil Nadu,Chennai,03.04.2020 to 02.04.2026,22,0,22
166,Anthiyur P. Selvarasu,Tamil Nadu,Erode,03.04.2020 to 02.04.2026,22,0,22
167,M. Thambidurai,Tamil Nadu,Kirhsnagiri,03.04.2020 to 02.04.2026,22,0,22
168,G.K. Vasan,Tamil Nadu,Thajavaur,03.04.2020 to 02.04.2026,22,0,22
169,K.Keshava Rao,Telangana,Hyderabad,10.04.2020 to 09.04.2026,22,2,20
170,Badugula lingaiah Yadav,Telangana,Suryapet,03.04.2018 to 02.04.2024,22,10,12
171,Dharmapuri Srinivas,Telangana,Nizamabad,22.06.2016 to 21.06.2022,22,17.5,4.5
172,K.R.Suresh Reddy,Telangana,Nizamabad,10.04.2020 to 09.04.2026,22,2,20
173,Lakshmikanta Rao Voditela,Telangana,Karimnagar,22.06.2016 to 21.06.2022,22,12.5,9.5
174,Santhosh Kumar Joganipally,Telangana,Karimnagar,03.04.2018 to 02.04.2024,22,5,17
175,Jharna Das Baidya,Tripura,West Tripura,03.04.2016 to 02.04.2022,49,44.5,4.5
176,Ashok Bajpai,Uttar Pradesh,Lucknow,03.04.2018 to 02.04.2024,22,10,12
177,Ashok Siddharth,Uttar Pradesh,Farrukhabad,05.07.2016 to 04.07.2022,22,19.5,2.5
178,G.V.L Narasimha Rao,Uttar Pradesh,Varanasi,03.04.2018 to 02.04.2024,22,5,17
179,Kapil Sibal,Uttar Pradesh,Rae Bareli,05.07.2016 to 04.07.2022,22,15,7
180,Vijay Pal Singh Tomar,Uttar Pradesh,Meerut,03.04.2018 to 02.04.2024,22,7.5,14.5
181,Vishambhar Prasad Nishad,Uttar Pradesh,Banda/Chitrakoot,05.07.2016 to 04.07.2022,22,15,7
182,Rewati Raman Singh,Uttar Pradesh,Allahabad,05.07.2016 to 04.07.2022,22,17.5,4.5
183,Sakaldeep Rajbhar,Uttar Pradesh,Ballia,03.04.2018 to 02.04.2024,22,10,12
184,Satish Chandra Misra,Uttar Pradesh,Lucknow,05.07.2016 to 04.07.2022,22,0,22
185,Anil Agarwal,Uttar Pradesh,Ghaziabad,03.04.2018 to 02.04.2024,12,7.5,4.5
186,Anil Kumar Jain,Uttar Pradesh,Firozabad,03.04.2018 to 02.04.2024,12,7.5,4.5
187,Harnath Singh Yadav,Uttar Pradesh,Etah,03.04.2018 to 02.04.2024,22,10,12
188,Sanjay Seth,Uttar Pradesh,Lucknow,16.09.2019 to 04.07.2022,4.5,2.5,2
189,Shiv Pratap Shukla,Uttar Pradesh,Gorakhpur,05.07.2016 to 04.07.2022,22,17.5,4.5
190,Sudhanshu Trivedi,Uttar Pradesh,Lucknow,09.10.2019 to 02.04.2024,12,2.5,9.5
191,Sukhram Singh Yadav,Uttar Pradesh,Kanpur Nagar,05.07.2016 to 04.07.2022,22,10,12
192,Surendra Singh Nagar,Uttar Pradesh,Gautambudh Nagar,16.09.2019 to 04.07.2022,4.5,2.5,2
193,Syed Zafar Islam,Uttar Pradesh,Moradabad,04.09.2020 to 04.07.2022,2,2,0
194,Jaya Bachchan,Uttar Pradesh,Bhadohi,03.04.2018 to 02.04.2024,22,7.5,14.5
195,Kanta Kardam,Uttar Pradesh,Hapur,03.04.2018 to 02.04.2024,22,10,12
196,Arun Singh,Uttar Pradesh,Mirzapur,26.11.2020 to 25.11.2026,22,2,20
197,B L Verma,Uttar Pradesh,Nodal District Awaited,26.11.2020 to 25.11.2026,22,0,22
198,Neeraj Shekhar,Uttar Pradesh,Ballia,26.11.2020 to 25.11.2026,22,2,20
199,Ram Gopal Yadav,Uttar Pradesh,Nodal District Awaited,26.11.2020 to 25.11.2026,0,0,0
200,Seema Dwivedi,Uttar Pradesh,Jaunpur,26.11.2020 to 25.11.2026,22,2,20
201,Ram Ji,Uttar Pradesh,Lakhimpur Kheri,26.11.2020 to 25.11.2026,22,2,20
202,Geeta Urf Chandraprabha,Uttar Pradesh,Orraiya,26.11.2020 to 25.11.2026,22,2,20
203,Hardwar Dubey,Uttar Pradesh,Agra,26.11.2020 to 25.11.2026,22,2,20
204,Brij Lal,Uttar Pradesh,Sidharth Nagar,26.11.2020 to 25.11.2026,22,2,20
205,Jai Prakash Nishad,Uttar Pradesh,Gorakhpur,17.08.2020 to 04.07.2022,4.5,2,2.5
206,Hardeep singh Puri,Uttar Pradesh,Sonbhadra,26.11.2020 to 25.11.2026,22,2,20
207,Anil Baluni,Uttarakhand,Paudi Garhwal,03.04.2018 to 02.04.2024,22,5,17
208,Pradeep Bansal,Uttarakhand,Dehradun,26.11.2020 to 25.11.2026,22,2,20
209,Pradeep Tamta,Uttarakhand,Bageshwar,04.07.2016 to 03.07.2022,22,17.5,4.5
210,Nadimul Haque,West Bengal,Kolkata,03.04.2018 to 02.04.2024,22,7.5,14.5
211,Dola Sen,West Bengal,Kolkata,19.08.2017 to 18.08.2023,22,12.5,9.5
212,Sushmita Dev,West Bengal,Kolkata,27.09.2021 to 26.09.2027,29.5,2,27.5
213,Derek o Brien,West Bengal,Kolkata,19.08.2017 to 18.08.2023,22,5,17
214,Abhishek Manu Singhvi,West Bengal,Howrah,03.04.2018 to 02.04.2024,22,5,17
215,Abir Ranjan Biswas,West Bengal,Kolkata,03.04.2018 to 02.04.2024,22,7.5,14.5
216,Bikash Ranjan Bhattacharya,West Bengal,Kolkata,03.04.2020 to 02.04.2026,22,2,20
217,P. Bhattacharya,West Bengal,Birbhum,19.08.2017 to 18.08.2023,22,10,12
218,Santanu Sen,West Bengal,Kolkata,03.04.2018 to 02.04.2024,22,7.5,14.5
219,Subhasish Chakrobarty,West Bengal,Kolkata,03.04.2018 to 02.04.2024,22,7.5,14.5
220,Subrata Bakshi,West Bengal,Kolkata,03.04.2020 to 02.04.2026,22,2,20
221,Sukhendu Sekhar Ray,West Bengal,Kolkata,19.08.2017 to 18.08.2023,22,7.5,14.5
222,Shanta Chhetri,West Bengal,Kolkata,19.08.2017 to 18.08.2023,22,12.5,9.5
223,Luiznho Joaquim Falerio,West Bengal,Nodal District Awaited,24.11.2021 to 23.11.2027,29.5,0,29.5
224,Mausam Noor,West Bengal,Nodal District Awaited,03.04.2020 to 02.04.2026,22,0,22
225,Jawahar Sircar,West Bengal,Nodal District Awaited,03.08.2021 to 02.08.2027,29.5,0,29.5
226,Roopa Ganguly,Nominated,SDMC,04.10.2016 to 24.04.2022,19.5,5,14.5
227,Mahesh Jethmalani,Nominated,NDMC,02.06.2021 to 13.07.2024,14.5,0,14.5
228,Narendra Jadhav,Nominated,Nashik,25.04.2016 to 24.04.2022,22,10,12
229,Shabhaji Shahu Chhatrapati,Nominated,Kolhapur,13.06.2016 to 03.05.2022,22,12.5,9.5
230,Sonal Mansingh,Nominated,Dang,14.07.2018 to 13.07.2024,22,5,17
231,Subramnaym swamy,Nominated,Mumbai Suburban,25.04.2016 to 24.04.2022,22,7.5,14.5
232,Ranjan Gogoi(Nominated MP),Nominated,Kamrup Metro,17.03.2020 to 16.03.2026,22,2,20
233,Rakesh Kumar,Nominated,Begusarai,14.07.2018 to 13.07.2024,9.5,5,4.5
234,M C Mary Kom,Nominated,Outer Manipur,25.04.2016 to 24.04.2022,22,17.5,4.5
235,Suresh Gopi,Nominated,Thiruvananthapuram,25.04.2016 to24.04.2022,22,17.5,4.5
236,Ram Shakal,Nominated,Mirzapur,14.07.2018 to 13.07.2024,22,9.5,12.5
237,Swapan Das Gupta,Nominated,Nodal District Awaited,02.06.2021 to 24.04.2022,2,0,2
